07b2bafe346f952e4e426543eabe6d57,5e43d8f6-5498-40de-8234-0cbcc0a8018c
1abc42c413fb7433d6bc37fd7ac22734,5e43d8f6-5498-40de-8234-0cbcc0a8018c
d684dd068a39cbd8847efe560bb16e5f,5e43d8f6-5498-40de-8234-0cbcc0a8018c
12f6c012c80f422cfb497dd464e1e4a6,5e43d8f6-5498-40de-8234-0cbcc0a8018c
a42298df49d902ca53bab1ef7a17de63,5e43d8f6-5498-40de-8234-0cbcc0a8018c
d63947f5c5a2337171d8f6b4f6471720,5e43d8f6-5498-40de-8234-0cbcc0a8018c
1106ec93be8daec69a66d800778cffec,5e43d8f6-5498-40de-8234-0cbcc0a8018c
4607280d51915198a87ba28be402c946,5e43d8f6-5498-40de-8234-0cbcc0a8018c
916e75713654a615fab95e23ff1cea01,5e43d8f6-5498-40de-8234-0cbcc0a8018c
d941e6a4fc383a53c591871a6d91b273,5e43d8f6-5498-40de-8234-0cbcc0a8018c
608cb73650211f0edc659971535abc54,5e43d8f6-5498-40de-8234-0cbcc0a8018c
0d75f6950cd2094cf1c7f7f626c3e910,5e43d8f6-5498-40de-8234-0cbcc0a8018c
976a1b6ae012f03f6ceb6eb3333c1383,5e43d8f6-5498-40de-8234-0cbcc0a8018c
add7409074f89dc64478a7122ba480fd,5e43d8f6-5498-40de-8234-0cbcc0a8018c
e8997399961b6a344883b2edb6ccaa39,5e43d8f6-5498-40de-8234-0cbcc0a8018c
8e1c1fd39bda6ccaa0964885469978d5,5e43d8f6-5498-40de-8234-0cbcc0a8018c
22ad8bb99a080ede712042e9ce1710bd,5e43d8f6-5498-40de-8234-0cbcc0a8018c
9324ed110f08a38aac56be88e07d713c,5e43d8f6-5498-40de-8234-0cbcc0a8018c
301663af69e4461de3abb7ab4f9409d7,5e43d8f6-5498-40de-8234-0cbcc0a8018c
bf631f9b75b20259658e5f946d8611e6,5e43d8f6-5498-40de-8234-0cbcc0a8018c
b7b66a0518e9817c8c25a6c9c4c98ecb,5e43d8f6-5498-40de-8234-0cbcc0a8018c
6a84855115ee52c877619fd314b62baa,5e43d8f6-5498-40de-8234-0cbcc0a8018c
844d9a9ea575a26d1081e4a74d31800a,5e43d8f6-5498-40de-8234-0cbcc0a8018c
7fc8276b7e3f456c0f2dbc7735f4e70e,5e43d8f6-5498-40de-8234-0cbcc0a8018c
a16f3a5bda35f1de87328623f0a1711f,5e43d8f6-5498-40de-8234-0cbcc0a8018c
4f81c089ed4680d462c2517efe03cfd7,5e43d8f6-5498-40de-8234-0cbcc0a8018c
916e75713654a615fab95e23ff1cea01,5e43d8f6-5498-40de-8234-0cbcc0a8018c
e708bff6dc679967ccd072d66b1c9747,5e43d8f6-5498-40de-8234-0cbcc0a8018c
6f17983fe9b47bc4d009b6f41aa4413b,5e43d8f6-5498-40de-8234-0cbcc0a8018c
d399175af02d54ecfcb9a32faf7907fd,5e43d8f6-5498-40de-8234-0cbcc0a8018c
051928341be67dcba03f0e04104d9047,5e43d8f6-5498-40de-8234-0cbcc0a8018c
14762c7d5a16ef12aee52d232a909548,5e43d8f6-5498-40de-8234-0cbcc0a8018c
1f9f10738f26f33b75db6ce7b7350c55,5e43d8f6-5498-40de-8234-0cbcc0a8018c
44423770d5b674d75675cf65d35381f8,5e43d8f6-5498-40de-8234-0cbcc0a8018c
9b4a8ab468cbc0fd89d5422bcc388f36,5e43d8f6-5498-40de-8234-0cbcc0a8018c
7c982a8ae0d45ebb94f80619a50e0cdd,5e43d8f6-5498-40de-8234-0cbcc0a8018c
6db4be137e0f9773ba763cdc20b43ade,5e43d8f6-5498-40de-8234-0cbcc0a8018c
8c2e358eb22a089e516428203c4f6bb0,5e43d8f6-5498-40de-8234-0cbcc0a8018c
94fe2c556418c45a56484dcd51c33eb1,5e43d8f6-5498-40de-8234-0cbcc0a8018c
71d71420589262a93e7d5348ce84b0ed,5e43d8f6-5498-40de-8234-0cbcc0a8018c
1e254ba6b79eac8be9248b37ce91c9c6,5e43d8f6-5498-40de-8234-0cbcc0a8018c
8dccf537bf901b0139f68225da3f7024,5e43d8f6-5498-40de-8234-0cbcc0a8018c
a08c938c1e7c76d8fb83eee1a8b95f02,5e43d8f6-5498-40de-8234-0cbcc0a8018c
59666446805d6f8f2bf50c87059cbcc5,5e43d8f6-5498-40de-8234-0cbcc0a8018c
700ed5f033491a5802fb004bde5ff560,5e43d8f6-5498-40de-8234-0cbcc0a8018c
250b4f12f9e15ce96399a89ddbc18014,5e43d8f6-5498-40de-8234-0cbcc0a8018c
ddcb81deade3faf1b09e98931368b9b5,5e43d8f6-5498-40de-8234-0cbcc0a8018c
4406e91aae5e2ec332d629f0c9dbd7fa,5e43d1f0-741c-4e78-b6b6-43e8c0a8018c
4215e44d944b4997693751615b3bf467,5e43d1f0-741c-4e78-b6b6-43e8c0a8018c
36bb5511b44c241b6381de0550d01fd2,5e43d1f0-741c-4e78-b6b6-43e8c0a8018c
8f07f9577a8f4c22febec853db96549b,5e43d1f0-741c-4e78-b6b6-43e8c0a8018c
07771f48ee5324a73f2af3ec707effbb,5e43d1f0-741c-4e78-b6b6-43e8c0a8018c
9fa0ccf2bcf0501232251d49e758832e,5e43d1f0-741c-4e78-b6b6-43e8c0a8018c
b5f2827dda471293b9361e52231e3595,5e43d1f0-741c-4e78-b6b6-43e8c0a8018c
80a18163afdf058d5b88b7316a085212,5e43d1f0-741c-4e78-b6b6-43e8c0a8018c
916e75713654a615fab95e23ff1cea01,5e43d1f0-741c-4e78-b6b6-43e8c0a8018c
611b297297562a3ce74da5dd36c24020,5e43d1f0-741c-4e78-b6b6-43e8c0a8018c
5ac7f81e2605af472e0eafbc02f47324,5e43d1f0-741c-4e78-b6b6-43e8c0a8018c
95c1f0ff40493ecc2407c7aaa9c843d2,5e43d1f0-741c-4e78-b6b6-43e8c0a8018c
6db153589773ac47f9dd9ef139517750,5e43d1f0-741c-4e78-b6b6-43e8c0a8018c
3e7a38cba69406d95bdc4b4745a3a0b0,5e43d1f0-741c-4e78-b6b6-43e8c0a8018c
1f9f10738f26f33b75db6ce7b7350c55,5e43d1f0-741c-4e78-b6b6-43e8c0a8018c
506179234e5bb0f07c722feb6e5630af,5e43d1f0-741c-4e78-b6b6-43e8c0a8018c
bf250e9e448e816814e1c08bb8c2ceca,5e43d1f0-741c-4e78-b6b6-43e8c0a8018c
4dc79bbac81c64ab27dccfcd73401591,5e43d1f0-741c-4e78-b6b6-43e8c0a8018c
b5a1fc2085986034e448d2ccc5bb9703,5e43d1f0-741c-4e78-b6b6-43e8c0a8018c
9e9f2b7c0bb562fa0ecb9bcfaf1d614a,5e43d1f0-741c-4e78-b6b6-43e8c0a8018c
94fe2c556418c45a56484dcd51c33eb1,5e43d1f0-741c-4e78-b6b6-43e8c0a8018c
6fb01efb6e22d0e6d179cfc5f95405a5,5e43d1f0-741c-4e78-b6b6-43e8c0a8018c
95077db425db4c774a914280d3356d15,5e43d1f0-741c-4e78-b6b6-43e8c0a8018c
399e10459770aa1a01b21438854983db,5e43d1f0-741c-4e78-b6b6-43e8c0a8018c
10a7cdd970fe135cf4f7bb55c0e3b59f,5e43d1f0-741c-4e78-b6b6-43e8c0a8018c
1eb19ca844c97aeda3c074db5263d58a,5e43d1f0-741c-4e78-b6b6-43e8c0a8018c
4290cae41c5827318d9567f74d6ca589,5e43d1f0-741c-4e78-b6b6-43e8c0a8018c
5be53301ca2b9b2c304dadd62fbbc5b1,5e43d1f0-741c-4e78-b6b6-43e8c0a8018c
d1b88f3abdeec433f13c0df6f2ccce4c,5e43d1f0-741c-4e78-b6b6-43e8c0a8018c
9e30113dded9bc7569e1f34158ca2d53,5e43cf1f-44bc-4e84-bc8c-559fc0a8018c
5886d64af509746b95df86b2601392fa,5e43cf1f-44bc-4e84-bc8c-559fc0a8018c
268ad2a2e139e54195be636ed86da88e,5e43cf1f-44bc-4e84-bc8c-559fc0a8018c
a898fbd5efe83c84d4865c51abae7ec8,5e43cf1f-44bc-4e84-bc8c-559fc0a8018c
07771f48ee5324a73f2af3ec707effbb,5e43cf1f-44bc-4e84-bc8c-559fc0a8018c
9fa0ccf2bcf0501232251d49e758832e,5e43cf1f-44bc-4e84-bc8c-559fc0a8018c
a9b3f52837f5541bb3ea911f2530fdb1,5e43cf1f-44bc-4e84-bc8c-559fc0a8018c
5bf2f0b9f285339eb108506d2e303554,5e43cf1f-44bc-4e84-bc8c-559fc0a8018c
916e75713654a615fab95e23ff1cea01,5e43cf1f-44bc-4e84-bc8c-559fc0a8018c
f4d6e382355bf9671da35d4da09aee81,5e43cf1f-44bc-4e84-bc8c-559fc0a8018c
276079662662dfc2b3e89979e66c46bb,5e43cf1f-44bc-4e84-bc8c-559fc0a8018c
04a294ccc6ad4f5d653bf790828db843,5e43cf1f-44bc-4e84-bc8c-559fc0a8018c
a4030c6af67ae9a525efcef73b750bbb,5e43cf1f-44bc-4e84-bc8c-559fc0a8018c
1711eb05948a4c361cf77410b193924e,5e43cf1f-44bc-4e84-bc8c-559fc0a8018c
1f9f10738f26f33b75db6ce7b7350c55,5e43cf1f-44bc-4e84-bc8c-559fc0a8018c
4c42a4e7d84d7cf286310fa0f89897b8,5e43cf1f-44bc-4e84-bc8c-559fc0a8018c
68589d4d11e2e2dc78af4c777b382797,5e43cf1f-44bc-4e84-bc8c-559fc0a8018c
26898e65d3f7c7872a20de931457eb7e,5e43cf1f-44bc-4e84-bc8c-559fc0a8018c
acffc03846e2caab5ed10180ca6b47d5,5e43cf1f-44bc-4e84-bc8c-559fc0a8018c
9020b287ff130ac6856fcc93650697f0,5e43cf1f-44bc-4e84-bc8c-559fc0a8018c
94fe2c556418c45a56484dcd51c33eb1,5e43cf1f-44bc-4e84-bc8c-559fc0a8018c
85ccc2284dabacb43f59256968d1df8b,5e43cf1f-44bc-4e84-bc8c-559fc0a8018c
edbf84e6f238449d3057180385c8f82f,5e43cf1f-44bc-4e84-bc8c-559fc0a8018c
a5af8461cd265aa085de473799be71d5,5e43cf1f-44bc-4e84-bc8c-559fc0a8018c
10a7cdd970fe135cf4f7bb55c0e3b59f,5e43cf1f-44bc-4e84-bc8c-559fc0a8018c
1eb19ca844c97aeda3c074db5263d58a,5e43cf1f-44bc-4e84-bc8c-559fc0a8018c
ca8f7edcef950f16b9e587e0da25d4ca,5e43cf1f-44bc-4e84-bc8c-559fc0a8018c
f4d6a96168848832a2bb8bb5835f6011,5e43cf1f-44bc-4e84-bc8c-559fc0a8018c
65eeb80d1da5a4167f07a7fab9d69989,5e43cf1f-44bc-4e84-bc8c-559fc0a8018c
1c68a66987e2eefef91aba1ac03ffa24,5e43ce6b-c894-469f-8645-0bd4c0a8018c
3fc9d8cce2839484c6257b04d0314fad,5e43ce6b-c894-469f-8645-0bd4c0a8018c
c6cbfc96898382c1b51407048e666ea4,5e43ce6b-c894-469f-8645-0bd4c0a8018c
e43d63e2f81586245590d6c2e439de7c,5e43ce6b-c894-469f-8645-0bd4c0a8018c
07771f48ee5324a73f2af3ec707effbb,5e43ce6b-c894-469f-8645-0bd4c0a8018c
9fa0ccf2bcf0501232251d49e758832e,5e43ce6b-c894-469f-8645-0bd4c0a8018c
0f07605c133a0605b0ede44c0442f369,5e43ce6b-c894-469f-8645-0bd4c0a8018c
5bf2f0b9f285339eb108506d2e303554,5e43ce6b-c894-469f-8645-0bd4c0a8018c
916e75713654a615fab95e23ff1cea01,5e43ce6b-c894-469f-8645-0bd4c0a8018c
bb303582b32dbcd3c0d01a7c8ed4e9ae,5e43ce6b-c894-469f-8645-0bd4c0a8018c
28d253fb4e6895b05034fe9cb6e4c202,5e43ce6b-c894-469f-8645-0bd4c0a8018c
3df46ca470c40f85f07a1a0f8cdec827,5e43ce6b-c894-469f-8645-0bd4c0a8018c
9446f6b15557d998ef0c3f06d8cde0dc,5e43ce6b-c894-469f-8645-0bd4c0a8018c
f712fc701ba0f6c26c574fb1d5f5eb38,5e43ce6b-c894-469f-8645-0bd4c0a8018c
1f9f10738f26f33b75db6ce7b7350c55,5e43ce6b-c894-469f-8645-0bd4c0a8018c
6c8cdd887e3432d8e31f025207ba5b75,5e43ce6b-c894-469f-8645-0bd4c0a8018c
5d62aca786b068d4ea37e5f22a4da84c,5e43ce6b-c894-469f-8645-0bd4c0a8018c
7b1b9676849168a67003dcab54a87c06,5e43ce6b-c894-469f-8645-0bd4c0a8018c
acffc03846e2caab5ed10180ca6b47d5,5e43ce6b-c894-469f-8645-0bd4c0a8018c
1396c387056ede7dc647cd46feeabe59,5e43ce6b-c894-469f-8645-0bd4c0a8018c
94fe2c556418c45a56484dcd51c33eb1,5e43ce6b-c894-469f-8645-0bd4c0a8018c
124876616cc1215e3720044a992fbf51,5e43ce6b-c894-469f-8645-0bd4c0a8018c
6cb28eea2eaaffefa3b648a660a8317a,5e43ce6b-c894-469f-8645-0bd4c0a8018c
02b5fb271eae5425d91340b6d3276cd4,5e43ce6b-c894-469f-8645-0bd4c0a8018c
10a7cdd970fe135cf4f7bb55c0e3b59f,5e43ce6b-c894-469f-8645-0bd4c0a8018c
0cba810c0d55ad619f5bed308b8faf83,5e43ce6b-c894-469f-8645-0bd4c0a8018c
7f9e9d65a9a721925d2958ac52d8f1a9,5e43ce6b-c894-469f-8645-0bd4c0a8018c
a2a4d2da2f69d87de8e3b2435c260ab5,5e43ce6b-c894-469f-8645-0bd4c0a8018c
f06a4ac767698993cc25968ca397a1fb,5e43ce6b-c894-469f-8645-0bd4c0a8018c
cdc8d9bd665a7a390e88b9a5ddcd23c1,5e43c6ea-92e8-4640-91df-067cc0a8018c
865f2526c6f866f67131920dac51c85e,5e43c6ea-92e8-4640-91df-067cc0a8018c
27b6da2cf2fd30d35e05663291ef149f,5e43c6ea-92e8-4640-91df-067cc0a8018c
c6cc8e06039e9641430ab5e2c24c63ac,5e43c6ea-92e8-4640-91df-067cc0a8018c
182de18178d2e706cd23a985ac68c7d7,5e43c6ea-92e8-4640-91df-067cc0a8018c
030614d860dadd80663b72c9f592a5ac,5e43c6ea-92e8-4640-91df-067cc0a8018c
c445975620571ef883b872a8994c43d5,5e43c6ea-92e8-4640-91df-067cc0a8018c
dfaddc1d035ff050b4ebc48b9e10dff1,5e43c6ea-92e8-4640-91df-067cc0a8018c
92b3628e67d9c5f230a9e12becb6cda1,5e43c6ea-92e8-4640-91df-067cc0a8018c
b943cf8c3820da6d1910d8b6eaec9a05,5e43c6ea-92e8-4640-91df-067cc0a8018c
fe16b2822af0f2f9c557b78da3d6a745,5e43c6ae-9fa4-4189-a8f9-2dc1c0a8018c
178d2362f22a9a14b8c4fa5559275462,5e43c6ae-9fa4-4189-a8f9-2dc1c0a8018c
53a18848a50484c24cfea9dba1b3c2f7,5e43c6ae-9fa4-4189-a8f9-2dc1c0a8018c
5944b9304299e6e7ce94dd34b5a7508a,5e43c6ae-9fa4-4189-a8f9-2dc1c0a8018c
685c87d1e0a8362a9f2bc106faed51d6,5e43c6ae-9fa4-4189-a8f9-2dc1c0a8018c
37914afdb83431df538818b8ea9be5ca,5e43c6ae-9fa4-4189-a8f9-2dc1c0a8018c
c445975620571ef883b872a8994c43d5,5e43c6ae-9fa4-4189-a8f9-2dc1c0a8018c
23771540841d514235b65e3356eeea61,5e43c6ae-9fa4-4189-a8f9-2dc1c0a8018c
ed5a9128c08e16736bbd25912c7d0f7a,5e43c6ae-9fa4-4189-a8f9-2dc1c0a8018c
7a2b3b88a8ad14451a0a8e80153406af,5e43c6ae-9fa4-4189-a8f9-2dc1c0a8018c
ec3dcae5d6123dcdeec5fee6f696a7c1,5e43c672-12e0-414d-9264-7525c0a8018c
6b48dac803074054e6164e7caf94fdc9,5e43c672-12e0-414d-9264-7525c0a8018c
b74aea29dfb324b3cf854a59b9374ccc,5e43c672-12e0-414d-9264-7525c0a8018c
e8a8ed5502bccd02d66bf3c50af6836d,5e43c672-12e0-414d-9264-7525c0a8018c
e044c799650deb0c83509204e34fe476,5e43c672-12e0-414d-9264-7525c0a8018c
c0c291a14bc9b72e85fc0b25567a5016,5e43c672-12e0-414d-9264-7525c0a8018c
c445975620571ef883b872a8994c43d5,5e43c672-12e0-414d-9264-7525c0a8018c
b27e0016f4e698e7b11e9aa22c4d5ffb,5e43c672-12e0-414d-9264-7525c0a8018c
2783f2c57a8a61382aa2ab6f40d280f8,5e43c672-12e0-414d-9264-7525c0a8018c
af6f26378dfae8d5e6376e507e0defd1,5e43c672-12e0-414d-9264-7525c0a8018c
511d4c410909902523bfdd61a10e1e45,5e43c636-06b8-406c-9558-7c10c0a8018c
6fe4ccde9dc3d202e22a5de14a63f7af,5e43c636-06b8-406c-9558-7c10c0a8018c
d38e76c88b49e5699f3ddd26558f5830,5e43c636-06b8-406c-9558-7c10c0a8018c
f931d6bcffdbf7b4b101d8413c13efc2,5e43c636-06b8-406c-9558-7c10c0a8018c
6786ac8f09fe48e08bd13ebdb4376868,5e43c636-06b8-406c-9558-7c10c0a8018c
82e95251b4feaf11eb2c340f1aefc024,5e43c636-06b8-406c-9558-7c10c0a8018c
c445975620571ef883b872a8994c43d5,5e43c636-06b8-406c-9558-7c10c0a8018c
28dada716dfe9ce501f4279c87b4cebd,5e43c636-06b8-406c-9558-7c10c0a8018c
18da6d9d95a25611eed72e406632f677,5e43c636-06b8-406c-9558-7c10c0a8018c
cdd23c3d405b6b3f98a6d314fd9899cf,5e43c636-06b8-406c-9558-7c10c0a8018c
3dc9cf48fbbb926f120d8d8470e5db45,5e43c5fd-1308-44b6-ac00-024ac0a8018c
d986bd5de8cda5e36e8b91a9c71a8fe2,5e43c5fd-1308-44b6-ac00-024ac0a8018c
2c96595526fb40e69e6bfd0720370d43,5e43c5fd-1308-44b6-ac00-024ac0a8018c
b7a81dc7fa0093a73eccef5301919529,5e43c5fd-1308-44b6-ac00-024ac0a8018c
a42298df49d902ca53bab1ef7a17de63,5e43c5fd-1308-44b6-ac00-024ac0a8018c
70fdff2c18bff97476e3c9ce93e54733,5e43c5fd-1308-44b6-ac00-024ac0a8018c
219787bf0e39332195c79636d0389f7b,5e43c5fd-1308-44b6-ac00-024ac0a8018c
e13d4a887d597621c0324048645c0e5e,5e43c5fd-1308-44b6-ac00-024ac0a8018c
916e75713654a615fab95e23ff1cea01,5e43c5fd-1308-44b6-ac00-024ac0a8018c
8ce56002f19b79afa4eefe8861134aa5,5e43c5fd-1308-44b6-ac00-024ac0a8018c
52c25ca4d60808fd6b342ba91fabc7ad,5e43c5fd-1308-44b6-ac00-024ac0a8018c
d19b4f3213024ee38793eab237dbfb8a,5e43c5fd-1308-44b6-ac00-024ac0a8018c
fc69395ede5b3b9392ffb427872faf1e,5e43c5fd-1308-44b6-ac00-024ac0a8018c
93d788cac259181d540d1b74ecd32eac,5e43c5fd-1308-44b6-ac00-024ac0a8018c
e8997399961b6a344883b2edb6ccaa39,5e43c5fd-1308-44b6-ac00-024ac0a8018c
9114ec777b9377decd25661866478707,5e43c5fd-1308-44b6-ac00-024ac0a8018c
d2a14142b544761192774c85ff30485e,5e43c5fd-1308-44b6-ac00-024ac0a8018c
7512d47135c87de1d29ef932a3ffe838,5e43c5fd-1308-44b6-ac00-024ac0a8018c
cd48a0142b47cad55394663b177c2b00,5e43c5fd-1308-44b6-ac00-024ac0a8018c
11244710a38ead00f8d9b005c7105851,5e43c5fd-1308-44b6-ac00-024ac0a8018c
b7b66a0518e9817c8c25a6c9c4c98ecb,5e43c5fd-1308-44b6-ac00-024ac0a8018c
209a9fefdd717ed611980b864dbc082c,5e43c5fd-1308-44b6-ac00-024ac0a8018c
4a439b8f39f5d9f0c887a131ed214671,5e43c5fd-1308-44b6-ac00-024ac0a8018c
4188fce93eec41e4e789acd6e7d2441d,5e43c5fd-1308-44b6-ac00-024ac0a8018c
0b025724175e671bc969bdaca29ddc46,5e43c5fd-1308-44b6-ac00-024ac0a8018c
8f500f3aaa2e517f3d48566cb9c9c9a9,5e43c5fd-1308-44b6-ac00-024ac0a8018c
1f9f10738f26f33b75db6ce7b7350c55,5e43c5fd-1308-44b6-ac00-024ac0a8018c
0796f03d5c5b094c3896a1ac2ddc9ed9,5e43c5fd-1308-44b6-ac00-024ac0a8018c
3e8f9dc75ad27b92c9cb9b5b18bef6f3,5e43c5fd-1308-44b6-ac00-024ac0a8018c
6ba78216f82c566dc0a58f6e5d08dca9,5e43c5fd-1308-44b6-ac00-024ac0a8018c
8892eab8d8944fbb2f739ca42b1d5d38,5e43c5fd-1308-44b6-ac00-024ac0a8018c
d6fed4ab075c76edc00577be6de2ec90,5e43c5fd-1308-44b6-ac00-024ac0a8018c
94fe2c556418c45a56484dcd51c33eb1,5e43c5fd-1308-44b6-ac00-024ac0a8018c
73ab265a93c0fb7399222c14f4b31c99,5e43c5fd-1308-44b6-ac00-024ac0a8018c
304587851720d9d6d12127dc1fc8e6ce,5e43c5fd-1308-44b6-ac00-024ac0a8018c
4434e3d4d3306c899bae753ab834ad3f,5e43c5fd-1308-44b6-ac00-024ac0a8018c
5810733635b8629df4a4badaaef78f6c,5e43c5fd-1308-44b6-ac00-024ac0a8018c
63394a9d8b5f4554a50b7b3965e868f2,5e43c5fd-1308-44b6-ac00-024ac0a8018c
6a1696cb3842366a5e0e81df4494fafb,5e43c5fd-1308-44b6-ac00-024ac0a8018c
9810042a99281a4806d6c72b8b6a2407,5e43c5fd-1308-44b6-ac00-024ac0a8018c
9750925bc626bcacda4b906c2257d474,5e43c5fd-1308-44b6-ac00-024ac0a8018c
cb05069e013693f74f9d3b205ec1000c,5e43c5c0-71c0-4dff-b3da-0bd4c0a8018c
8a9c0d3504165dc482b9add94189a040,5e43c5c0-71c0-4dff-b3da-0bd4c0a8018c
0299ce47eb0fdae0f480b3e00d23d63d,5e43c5c0-71c0-4dff-b3da-0bd4c0a8018c
f8d775b3116b1f82d3e7d8c57eb60e34,5e43c5c0-71c0-4dff-b3da-0bd4c0a8018c
07771f48ee5324a73f2af3ec707effbb,5e43c5c0-71c0-4dff-b3da-0bd4c0a8018c
9fa0ccf2bcf0501232251d49e758832e,5e43c5c0-71c0-4dff-b3da-0bd4c0a8018c
bbbc7b4ec6864c83db8176b424d0f11d,5e43c5c0-71c0-4dff-b3da-0bd4c0a8018c
822ccf3f60e0dc4b28d71a7fc852ed24,5e43c5c0-71c0-4dff-b3da-0bd4c0a8018c
916e75713654a615fab95e23ff1cea01,5e43c5c0-71c0-4dff-b3da-0bd4c0a8018c
010b1ac989a524de5825e49602410d70,5e43c5c0-71c0-4dff-b3da-0bd4c0a8018c
c11d01572c206ee3befea5b58f59258a,5e43c5c0-71c0-4dff-b3da-0bd4c0a8018c
a8481b171cd71a3e0e64da95dd214dbe,5e43c5c0-71c0-4dff-b3da-0bd4c0a8018c
09a04b5f6189f34a3a8bb148c87cce78,5e43c5c0-71c0-4dff-b3da-0bd4c0a8018c
26bb39bff4521a5252c6f23e17c0084e,5e43c5c0-71c0-4dff-b3da-0bd4c0a8018c
1f9f10738f26f33b75db6ce7b7350c55,5e43c5c0-71c0-4dff-b3da-0bd4c0a8018c
a49168410dc19d10a47046c439cde6b2,5e43c5c0-71c0-4dff-b3da-0bd4c0a8018c
f17711464c0498d82f5831e82080b412,5e43c5c0-71c0-4dff-b3da-0bd4c0a8018c
c1cc7abc3dca3fef8b7ee7792c67b932,5e43c5c0-71c0-4dff-b3da-0bd4c0a8018c
73b7ce3727a4228c61d7bb3e1b6814d8,5e43c5c0-71c0-4dff-b3da-0bd4c0a8018c
b22ebf11bfc8b778d952e0a80da5e99e,5e43c5c0-71c0-4dff-b3da-0bd4c0a8018c
94fe2c556418c45a56484dcd51c33eb1,5e43c5c0-71c0-4dff-b3da-0bd4c0a8018c
492a19c4b8aad639ae0a21188de51b34,5e43c5c0-71c0-4dff-b3da-0bd4c0a8018c
531210e2a5ceb5a2309399582e8b12e0,5e43c5c0-71c0-4dff-b3da-0bd4c0a8018c
304003f4c0e444e1ba82e14afc65e1d6,5e43c5c0-71c0-4dff-b3da-0bd4c0a8018c
10a7cdd970fe135cf4f7bb55c0e3b59f,5e43c5c0-71c0-4dff-b3da-0bd4c0a8018c
0cba810c0d55ad619f5bed308b8faf83,5e43c5c0-71c0-4dff-b3da-0bd4c0a8018c
d1f2b3d82f632b94b5c98ee4015dc5b3,5e43c5c0-71c0-4dff-b3da-0bd4c0a8018c
e9ebd0b7f2210b9623d7c13d01f08b9b,5e43c5c0-71c0-4dff-b3da-0bd4c0a8018c
70b1b50152d341ec29967f45deda39df,5e43c5c0-71c0-4dff-b3da-0bd4c0a8018c
bb3462b62cd8db3f9ba007d86f8d1c6d,5e43c582-5a60-4230-974f-791ec0a8018c
8fc4991b3ad84a94e485aeccf0266733,5e43c582-5a60-4230-974f-791ec0a8018c
8b74b0f78a0808800d6b49b362b6efd8,5e43c582-5a60-4230-974f-791ec0a8018c
8bf8f6b6e34d1d81e945a13e7f1a1f01,5e43c582-5a60-4230-974f-791ec0a8018c
b957301d40a0cad4fbe9165e3b586c8c,5e43c582-5a60-4230-974f-791ec0a8018c
b79f9be5667da63e13dc61f2b1f76047,5e43c582-5a60-4230-974f-791ec0a8018c
43be88fdd2254f2e1f793153668e9e23,5e43c582-5a60-4230-974f-791ec0a8018c
3434274704ccafd3058fd0682ab4d0a2,5e43c582-5a60-4230-974f-791ec0a8018c
e4dc06415ba8d53a7c5c7473027720ca,5e43c582-5a60-4230-974f-791ec0a8018c
2a0d988fabe2a2748a6942453fccd7fe,5e43c582-5a60-4230-974f-791ec0a8018c
8a9da7865483c5fd359f3acef178d26d,5e43c547-d10c-4c26-9511-6a62c0a8018c
e4034036a766d4b8558411e74f200284,5e43c547-d10c-4c26-9511-6a62c0a8018c
03a4310b05c1bc9ffae0bfc16a346f0e,5e43c547-d10c-4c26-9511-6a62c0a8018c
c9caa8040e3801dc6fc0d11c05dffe32,5e43c547-d10c-4c26-9511-6a62c0a8018c
b957301d40a0cad4fbe9165e3b586c8c,5e43c547-d10c-4c26-9511-6a62c0a8018c
c2dc51d8f43c08eda7639d9bb8c1023a,5e43c547-d10c-4c26-9511-6a62c0a8018c
43be88fdd2254f2e1f793153668e9e23,5e43c547-d10c-4c26-9511-6a62c0a8018c
6d01e1f8e4b75f77ad0318497d28f53a,5e43c547-d10c-4c26-9511-6a62c0a8018c
831679b281272c92063aca7fbdf131e8,5e43c547-d10c-4c26-9511-6a62c0a8018c
84d69757f2eabb0b7362b1b160fa10e9,5e43c547-d10c-4c26-9511-6a62c0a8018c
5a2965be6a5fa63212ad16f5c254f62a,5e43c50a-8754-4a14-84b9-11bcc0a8018c
bc2942a271db01e8e55b08ee81c52953,5e43c50a-8754-4a14-84b9-11bcc0a8018c
acd21d34c25d801e4f9447c6336369c8,5e43c50a-8754-4a14-84b9-11bcc0a8018c
82377005db3127e1e2112d25dd54949a,5e43c50a-8754-4a14-84b9-11bcc0a8018c
c5aae7a6b693a63de544f199a8bf7905,5e43c50a-8754-4a14-84b9-11bcc0a8018c
7fae275043fe71d482df5b7adc82dbcc,5e43c50a-8754-4a14-84b9-11bcc0a8018c
43be88fdd2254f2e1f793153668e9e23,5e43c50a-8754-4a14-84b9-11bcc0a8018c
d09cd733e01c267ed43ec2ca8b777dd5,5e43c50a-8754-4a14-84b9-11bcc0a8018c
985faf697609c1b299f9f55dfe4ad61d,5e43c50a-8754-4a14-84b9-11bcc0a8018c
cacb0451ed51dccb1304fecfe3e82278,5e43c50a-8754-4a14-84b9-11bcc0a8018c
63a9f0ea7bb98050796b649e85481845,5e43c4ce-0ec4-4d06-8433-4e06c0a8018c
22f72f62e81c897bb040b918812524fc,5e43c4ce-0ec4-4d06-8433-4e06c0a8018c
42282c9abab96f71b0e2996aac79090a,5e43c4ce-0ec4-4d06-8433-4e06c0a8018c
25d613cdac477daa9e256ab69cdfaf59,5e43c4ce-0ec4-4d06-8433-4e06c0a8018c
b957301d40a0cad4fbe9165e3b586c8c,5e43c4ce-0ec4-4d06-8433-4e06c0a8018c
06fa7ac836f721356b265615df148e5a,5e43c4ce-0ec4-4d06-8433-4e06c0a8018c
43be88fdd2254f2e1f793153668e9e23,5e43c4ce-0ec4-4d06-8433-4e06c0a8018c
c8ab5db28762e36459b8d2bbdfd6bde6,5e43c4ce-0ec4-4d06-8433-4e06c0a8018c
2f739c665122417f7324af95683aaf1c,5e43c4ce-0ec4-4d06-8433-4e06c0a8018c
0e4091a0340ccf9a0a83eb269d2ff982,5e43c4ce-0ec4-4d06-8433-4e06c0a8018c
d71e2d12ea7b9c3e19c5404fb18de838,5e43c492-bd04-4d1a-b750-7eacc0a8018c
13fd218d376927440ccaa643e9c492b1,5e43c492-bd04-4d1a-b750-7eacc0a8018c
13e1b0a76607eda8f14e6cd1e0356a9c,5e43c492-bd04-4d1a-b750-7eacc0a8018c
e7dd8357eab0b9cd97ad341586bd7fd6,5e43c492-bd04-4d1a-b750-7eacc0a8018c
2e295aa53736dc266b63ddb4e4d28b62,5e43c492-bd04-4d1a-b750-7eacc0a8018c
e16b864663c2eaa55e0605595e42debd,5e43c492-bd04-4d1a-b750-7eacc0a8018c
43be88fdd2254f2e1f793153668e9e23,5e43c492-bd04-4d1a-b750-7eacc0a8018c
56cf039ee56b56bc8059d376e1ebe7e7,5e43c492-bd04-4d1a-b750-7eacc0a8018c
24e5fb0dd43ab55889fb71825fde273b,5e43c492-bd04-4d1a-b750-7eacc0a8018c
0e4091a0340ccf9a0a83eb269d2ff982,5e43c492-bd04-4d1a-b750-7eacc0a8018c
f981200e230d2cd8e710f6137ca3fdfe,5e43c456-79f4-4f2e-b4e8-0a5ac0a8018c
b441cbd76a09704193c0ea42e5f19d24,5e43c456-79f4-4f2e-b4e8-0a5ac0a8018c
1b64a3757dd301c15ecdedbc0af5d0d0,5e43c456-79f4-4f2e-b4e8-0a5ac0a8018c
617005ea331e1c9b3520971ddb739a7a,5e43c456-79f4-4f2e-b4e8-0a5ac0a8018c
c5aae7a6b693a63de544f199a8bf7905,5e43c456-79f4-4f2e-b4e8-0a5ac0a8018c
3ef4a224ffe068e1a81c55e91d822622,5e43c456-79f4-4f2e-b4e8-0a5ac0a8018c
43be88fdd2254f2e1f793153668e9e23,5e43c456-79f4-4f2e-b4e8-0a5ac0a8018c
0d2eab23adce4f7906fe5a0ccff92c70,5e43c456-79f4-4f2e-b4e8-0a5ac0a8018c
866527d98a3753b17575fff2360fba77,5e43c456-79f4-4f2e-b4e8-0a5ac0a8018c
cacb0451ed51dccb1304fecfe3e82278,5e43c456-79f4-4f2e-b4e8-0a5ac0a8018c
992b7ea081af6668c57f7f07f5e8be7d,5e43c41b-a644-4bf4-ba6e-4191c0a8018c
9a2b0c6ecf35d91788a140b7344caa6f,5e43c41b-a644-4bf4-ba6e-4191c0a8018c
2ffb8b60e3f9e7f21215c0aafbea75ae,5e43c41b-a644-4bf4-ba6e-4191c0a8018c
c76bdd6583f06436dfd72c37479569d1,5e43c41b-a644-4bf4-ba6e-4191c0a8018c
9ddbe99a71e38f617f47f0605710b13b,5e43c41b-a644-4bf4-ba6e-4191c0a8018c
88d3de1a9ab8e27e5585faa2879659fe,5e43c41b-a644-4bf4-ba6e-4191c0a8018c
43be88fdd2254f2e1f793153668e9e23,5e43c41b-a644-4bf4-ba6e-4191c0a8018c
2573c211f95e80f20e9dcead55a29f91,5e43c41b-a644-4bf4-ba6e-4191c0a8018c
1e100ad0aca26157850232e3ec2e4c3c,5e43c41b-a644-4bf4-ba6e-4191c0a8018c
051d218d5d07d4b0c8f1bcec2b718508,5e43c41b-a644-4bf4-ba6e-4191c0a8018c
c7f1a5e2ebd91fa5b7e5f95cf6832bd4,5e43c3df-7afc-4f86-bcd8-0bd4c0a8018c
ffabc975f7cb54400e8ce80a1ec9ae2d,5e43c3df-7afc-4f86-bcd8-0bd4c0a8018c
dad673696c9a38364045c2858172a488,5e43c3df-7afc-4f86-bcd8-0bd4c0a8018c
fb53de0e2c049a906694f731193a734d,5e43c3df-7afc-4f86-bcd8-0bd4c0a8018c
9ddbe99a71e38f617f47f0605710b13b,5e43c3df-7afc-4f86-bcd8-0bd4c0a8018c
67c1c4c88accad2d5293b65d60275606,5e43c3df-7afc-4f86-bcd8-0bd4c0a8018c
43be88fdd2254f2e1f793153668e9e23,5e43c3df-7afc-4f86-bcd8-0bd4c0a8018c
9ac964de9133f1a0b17c25b50f94791b,5e43c3df-7afc-4f86-bcd8-0bd4c0a8018c
762f478fde7777748fdeefc726b1080c,5e43c3df-7afc-4f86-bcd8-0bd4c0a8018c
1143bcfd108a55e57307a7d5afde47fe,5e43c3df-7afc-4f86-bcd8-0bd4c0a8018c
f926b3e222d7afee57071b2256839701,5e43c3a2-4674-4d0b-8616-11bbc0a8018c
2c62ac87009857b172e235b7bae5b08f,5e43c3a2-4674-4d0b-8616-11bbc0a8018c
2a629f262c8f79b42564a216446c9a22,5e43c3a2-4674-4d0b-8616-11bbc0a8018c
8480c135c1c7103365b3ca4a39884841,5e43c3a2-4674-4d0b-8616-11bbc0a8018c
cf2f83689c16bcc1046f819cba0cbf2e,5e43c3a2-4674-4d0b-8616-11bbc0a8018c
126f72ad3cbf10182302775f9f351b41,5e43c3a2-4674-4d0b-8616-11bbc0a8018c
43be88fdd2254f2e1f793153668e9e23,5e43c3a2-4674-4d0b-8616-11bbc0a8018c
3b6db278c9c1d23fa1e78eb1ae829f92,5e43c3a2-4674-4d0b-8616-11bbc0a8018c
6fc280819168cce2edc8ac73d5c540d6,5e43c3a2-4674-4d0b-8616-11bbc0a8018c
af6f26378dfae8d5e6376e507e0defd1,5e43c3a2-4674-4d0b-8616-11bbc0a8018c
7675eca5432ac5f24e8259f61e6ece97,5e43c367-8f98-4036-9972-1922c0a8018c
92900c1750284df897d1477983318757,5e43c367-8f98-4036-9972-1922c0a8018c
f8682dfbef1adfce2afbb2c9d6cc7fca,5e43c367-8f98-4036-9972-1922c0a8018c
4b6335e9bd3a75f79f5984c06e68e781,5e43c367-8f98-4036-9972-1922c0a8018c
c5aae7a6b693a63de544f199a8bf7905,5e43c367-8f98-4036-9972-1922c0a8018c
8def6754f44479b805f10230242894d0,5e43c367-8f98-4036-9972-1922c0a8018c
43be88fdd2254f2e1f793153668e9e23,5e43c367-8f98-4036-9972-1922c0a8018c
4488994c5e4e54756a5e9edfc94da337,5e43c367-8f98-4036-9972-1922c0a8018c
88ded873840cca25af85b9a69c1899b4,5e43c367-8f98-4036-9972-1922c0a8018c
cacb0451ed51dccb1304fecfe3e82278,5e43c367-8f98-4036-9972-1922c0a8018c
5b9350f1043a8b74980a4fc32412885b,5e43c2f2-ac48-41e9-b420-5a66c0a8018c
447766e13bb9d303a1907a9bd88960d0,5e43c2f2-ac48-41e9-b420-5a66c0a8018c
3531e3392d54a9d70e08a54660e459a9,5e43c2f2-ac48-41e9-b420-5a66c0a8018c
148e0053e634f75ecfb51ae8e536a300,5e43c2f2-ac48-41e9-b420-5a66c0a8018c
a42298df49d902ca53bab1ef7a17de63,5e43c2f2-ac48-41e9-b420-5a66c0a8018c
70fdff2c18bff97476e3c9ce93e54733,5e43c2f2-ac48-41e9-b420-5a66c0a8018c
0c9bab24e7126d704de886299d5799db,5e43c2f2-ac48-41e9-b420-5a66c0a8018c
ed73be0d45537fd79297dd0fc50f610a,5e43c2f2-ac48-41e9-b420-5a66c0a8018c
916e75713654a615fab95e23ff1cea01,5e43c2f2-ac48-41e9-b420-5a66c0a8018c
8ce56002f19b79afa4eefe8861134aa5,5e43c2f2-ac48-41e9-b420-5a66c0a8018c
52c25ca4d60808fd6b342ba91fabc7ad,5e43c2f2-ac48-41e9-b420-5a66c0a8018c
d19b4f3213024ee38793eab237dbfb8a,5e43c2f2-ac48-41e9-b420-5a66c0a8018c
fc69395ede5b3b9392ffb427872faf1e,5e43c2f2-ac48-41e9-b420-5a66c0a8018c
93d788cac259181d540d1b74ecd32eac,5e43c2f2-ac48-41e9-b420-5a66c0a8018c
e8997399961b6a344883b2edb6ccaa39,5e43c2f2-ac48-41e9-b420-5a66c0a8018c
d899b6d71152014703a4883f34b19cfe,5e43c2f2-ac48-41e9-b420-5a66c0a8018c
7665bd847019ac58a620c51e5cdf7788,5e43c2f2-ac48-41e9-b420-5a66c0a8018c
b9356c14cc9f5114bdc6dee5db8399f9,5e43c2f2-ac48-41e9-b420-5a66c0a8018c
cd48a0142b47cad55394663b177c2b00,5e43c2f2-ac48-41e9-b420-5a66c0a8018c
708739646150f2a1fe3f6cd24994eadc,5e43c2f2-ac48-41e9-b420-5a66c0a8018c
b7b66a0518e9817c8c25a6c9c4c98ecb,5e43c2f2-ac48-41e9-b420-5a66c0a8018c
209a9fefdd717ed611980b864dbc082c,5e43c2f2-ac48-41e9-b420-5a66c0a8018c
4a439b8f39f5d9f0c887a131ed214671,5e43c2f2-ac48-41e9-b420-5a66c0a8018c
4188fce93eec41e4e789acd6e7d2441d,5e43c2f2-ac48-41e9-b420-5a66c0a8018c
0b025724175e671bc969bdaca29ddc46,5e43c2f2-ac48-41e9-b420-5a66c0a8018c
8f500f3aaa2e517f3d48566cb9c9c9a9,5e43c2f2-ac48-41e9-b420-5a66c0a8018c
1f9f10738f26f33b75db6ce7b7350c55,5e43c2f2-ac48-41e9-b420-5a66c0a8018c
b72640318dd1ff7cac41653c580c2d8c,5e43c2f2-ac48-41e9-b420-5a66c0a8018c
3182d0eb8a2559beaa8a8c8d2ff0906d,5e43c2f2-ac48-41e9-b420-5a66c0a8018c
81054b16b02abfc705ee15a8ecc8af91,5e43c2f2-ac48-41e9-b420-5a66c0a8018c
abd638b578129dd4a9fa93e484935e58,5e43c2f2-ac48-41e9-b420-5a66c0a8018c
302febc174461bdeac7ea81056baa891,5e43c2f2-ac48-41e9-b420-5a66c0a8018c
94fe2c556418c45a56484dcd51c33eb1,5e43c2f2-ac48-41e9-b420-5a66c0a8018c
73ab265a93c0fb7399222c14f4b31c99,5e43c2f2-ac48-41e9-b420-5a66c0a8018c
304587851720d9d6d12127dc1fc8e6ce,5e43c2f2-ac48-41e9-b420-5a66c0a8018c
4434e3d4d3306c899bae753ab834ad3f,5e43c2f2-ac48-41e9-b420-5a66c0a8018c
5810733635b8629df4a4badaaef78f6c,5e43c2f2-ac48-41e9-b420-5a66c0a8018c
63394a9d8b5f4554a50b7b3965e868f2,5e43c2f2-ac48-41e9-b420-5a66c0a8018c
7186afea548ea4ee7fe40fe8ba9d4d91,5e43c2f2-ac48-41e9-b420-5a66c0a8018c
809f78b1b98a9c9b29745f2123ce2604,5e43c2f2-ac48-41e9-b420-5a66c0a8018c
70b1b50152d341ec29967f45deda39df,5e43c2f2-ac48-41e9-b420-5a66c0a8018c
342da1d1fd660c2da9e9e302cd5ddc03,5e43c2b5-68d8-4dcb-83cf-4e06c0a8018c
cbb835873b3e99c56f4312d7dc6c4026,5e43c2b5-68d8-4dcb-83cf-4e06c0a8018c
a7e131e9c429b843bde022375efc5c11,5e43c2b5-68d8-4dcb-83cf-4e06c0a8018c
1303f48e98fe0ac301cf36f458b822e2,5e43c2b5-68d8-4dcb-83cf-4e06c0a8018c
07771f48ee5324a73f2af3ec707effbb,5e43c2b5-68d8-4dcb-83cf-4e06c0a8018c
9fa0ccf2bcf0501232251d49e758832e,5e43c2b5-68d8-4dcb-83cf-4e06c0a8018c
261b62936c2531b4bdeeb598d0e7d33e,5e43c2b5-68d8-4dcb-83cf-4e06c0a8018c
1dab2faa45309a8b26968a6ec4ce06bc,5e43c2b5-68d8-4dcb-83cf-4e06c0a8018c
916e75713654a615fab95e23ff1cea01,5e43c2b5-68d8-4dcb-83cf-4e06c0a8018c
3cc3bae479ead374c326757d8d620ec1,5e43c2b5-68d8-4dcb-83cf-4e06c0a8018c
eaf1952aed6fc15ffb2f5f4d921cf356,5e43c2b5-68d8-4dcb-83cf-4e06c0a8018c
cb069cfab51c84e40c69dee29e360b9b,5e43c2b5-68d8-4dcb-83cf-4e06c0a8018c
72ee47fe95cff758f0f0c42b9cd49b85,5e43c2b5-68d8-4dcb-83cf-4e06c0a8018c
e34344ef74a79e54eee8cee49ed1baf5,5e43c2b5-68d8-4dcb-83cf-4e06c0a8018c
1f9f10738f26f33b75db6ce7b7350c55,5e43c2b5-68d8-4dcb-83cf-4e06c0a8018c
93eb1b2a83e5aa083cc9821cca8bcf64,5e43c2b5-68d8-4dcb-83cf-4e06c0a8018c
67828497a850815961fc0d7e426a15dc,5e43c2b5-68d8-4dcb-83cf-4e06c0a8018c
af079fbbfce6d4c2c236e5abd6cbe6f2,5e43c2b5-68d8-4dcb-83cf-4e06c0a8018c
b5a1fc2085986034e448d2ccc5bb9703,5e43c2b5-68d8-4dcb-83cf-4e06c0a8018c
ec164aff1c76691a45d7e7f74e22a33a,5e43c2b5-68d8-4dcb-83cf-4e06c0a8018c
94fe2c556418c45a56484dcd51c33eb1,5e43c2b5-68d8-4dcb-83cf-4e06c0a8018c
6ed548245f1fab167532879b96b3ddd2,5e43c2b5-68d8-4dcb-83cf-4e06c0a8018c
6effff2e9ae83c14917e8fb75f8cd69a,5e43c2b5-68d8-4dcb-83cf-4e06c0a8018c
a86a363e4ce85cfe4a6812acb70eddd6,5e43c2b5-68d8-4dcb-83cf-4e06c0a8018c
10a7cdd970fe135cf4f7bb55c0e3b59f,5e43c2b5-68d8-4dcb-83cf-4e06c0a8018c
0cba810c0d55ad619f5bed308b8faf83,5e43c2b5-68d8-4dcb-83cf-4e06c0a8018c
6a411c6494cddffefafebe852ffbd49c,5e43c2b5-68d8-4dcb-83cf-4e06c0a8018c
69aba15d40ad7f804b76c1fd75525230,5e43c2b5-68d8-4dcb-83cf-4e06c0a8018c
9c09d07bf26e671673daaac0734b473b,5e43c2b5-68d8-4dcb-83cf-4e06c0a8018c
772de00d2c2e9b4ce94a6512aaf1581d,5e43c278-27ac-4bc2-9695-2aa4c0a8018c
7ad6ceba61dc74d84b20d6df56ba6788,5e43c278-27ac-4bc2-9695-2aa4c0a8018c
2ddc108bc2288852307419fd6b72bd18,5e43c278-27ac-4bc2-9695-2aa4c0a8018c
e6b3c9a298acd71efb43faab15eb69ad,5e43c278-27ac-4bc2-9695-2aa4c0a8018c
a42298df49d902ca53bab1ef7a17de63,5e43c278-27ac-4bc2-9695-2aa4c0a8018c
315d020fa25b4c105ee13f0c7e52e99e,5e43c278-27ac-4bc2-9695-2aa4c0a8018c
83d09102c688c39d6603c9f6c48e2b72,5e43c278-27ac-4bc2-9695-2aa4c0a8018c
cab7cba7bd2300958617d7c82c472a7f,5e43c278-27ac-4bc2-9695-2aa4c0a8018c
916e75713654a615fab95e23ff1cea01,5e43c278-27ac-4bc2-9695-2aa4c0a8018c
f5bdce7e722fcf02684aec0b5b5caef2,5e43c278-27ac-4bc2-9695-2aa4c0a8018c
ca6a025ff3c2ee953b6c84332b637c56,5e43c278-27ac-4bc2-9695-2aa4c0a8018c
3c0793d386b6baec4e4638fd110a2485,5e43c278-27ac-4bc2-9695-2aa4c0a8018c
6f33881d43b658f04d82c6dc56a2d173,5e43c278-27ac-4bc2-9695-2aa4c0a8018c
ec1785a782443654a78d2296e216bc7e,5e43c278-27ac-4bc2-9695-2aa4c0a8018c
e8997399961b6a344883b2edb6ccaa39,5e43c278-27ac-4bc2-9695-2aa4c0a8018c
b8294740a02be2acd877c3caef7a6037,5e43c278-27ac-4bc2-9695-2aa4c0a8018c
ff7eed6754604e52a3a6e50280805d85,5e43c278-27ac-4bc2-9695-2aa4c0a8018c
d6c262fde1991ee47a81345217e3b81f,5e43c278-27ac-4bc2-9695-2aa4c0a8018c
23fa59e5bfab83750fc096b71393167d,5e43c278-27ac-4bc2-9695-2aa4c0a8018c
c2fa79ce88630d4df03373298df2c3d6,5e43c278-27ac-4bc2-9695-2aa4c0a8018c
b7b66a0518e9817c8c25a6c9c4c98ecb,5e43c278-27ac-4bc2-9695-2aa4c0a8018c
b560764dad84d0ceb38ab73a5bd2551a,5e43c278-27ac-4bc2-9695-2aa4c0a8018c
2239417453a1e5ac16e5f1418bdafc62,5e43c278-27ac-4bc2-9695-2aa4c0a8018c
0c37e94fff1ebb4ad0e896c09066fa4f,5e43c278-27ac-4bc2-9695-2aa4c0a8018c
f7efa4f864ae9b88d43527f4b14f750f,5e43c278-27ac-4bc2-9695-2aa4c0a8018c
d3609e38110b1e3a816d0ffbcbe6b56d,5e43c278-27ac-4bc2-9695-2aa4c0a8018c
94fe2c556418c45a56484dcd51c33eb1,5e43c278-27ac-4bc2-9695-2aa4c0a8018c
d6dbd73b2c6210e47fee2254be262e63,5e43c278-27ac-4bc2-9695-2aa4c0a8018c
a3e4de88609078fc222c74c8ab6eddc3,5e43c278-27ac-4bc2-9695-2aa4c0a8018c
dc8e7d5aa9333806eed96810f7d38e3c,5e43c278-27ac-4bc2-9695-2aa4c0a8018c
a16f3a5bda35f1de87328623f0a1711f,5e43c278-27ac-4bc2-9695-2aa4c0a8018c
a0099e478536e9fbe1a63bce9f52a6b4,5e43c278-27ac-4bc2-9695-2aa4c0a8018c
4e349bcbc6ea6b0fa79e286cd159e02e,5e43c278-27ac-4bc2-9695-2aa4c0a8018c
f4017ca12272052cf1d98738f3b6bb40,5e43c278-27ac-4bc2-9695-2aa4c0a8018c
24c4b158aee4ee263ebadd2c1636198c,5e43c278-27ac-4bc2-9695-2aa4c0a8018c
2b2d78324f83c8b4a8426c57aa9e4879,5e43c23e-38c0-4a33-b23b-79adc0a8018c
5dc3ee8c30e3e0af25634b028a90e9da,5e43c23e-38c0-4a33-b23b-79adc0a8018c
f79dcc31d52b58d6435a7df0c291487e,5e43c23e-38c0-4a33-b23b-79adc0a8018c
1b8ac4385f14d0fdf1bbd13912723e4c,5e43c23e-38c0-4a33-b23b-79adc0a8018c
07771f48ee5324a73f2af3ec707effbb,5e43c23e-38c0-4a33-b23b-79adc0a8018c
9fa0ccf2bcf0501232251d49e758832e,5e43c23e-38c0-4a33-b23b-79adc0a8018c
302dd740751accac1525cd8850c590fd,5e43c23e-38c0-4a33-b23b-79adc0a8018c
7167edc1c2aa1602d25cb54e86b84e2e,5e43c23e-38c0-4a33-b23b-79adc0a8018c
916e75713654a615fab95e23ff1cea01,5e43c23e-38c0-4a33-b23b-79adc0a8018c
33c9e5940bc5fd86b17de7e06cb3edeb,5e43c23e-38c0-4a33-b23b-79adc0a8018c
2a27748bef63ae7a56aa5cf49c89fc5f,5e43c23e-38c0-4a33-b23b-79adc0a8018c
654fc25a018fa724bcf055adaa56a67e,5e43c23e-38c0-4a33-b23b-79adc0a8018c
bcbb8f2fddf78423563b15d7851c1343,5e43c23e-38c0-4a33-b23b-79adc0a8018c
7bcf728e482fe0906b3ee710332abca7,5e43c23e-38c0-4a33-b23b-79adc0a8018c
1f9f10738f26f33b75db6ce7b7350c55,5e43c23e-38c0-4a33-b23b-79adc0a8018c
452a5213b72d5af95a40ac8ca5a66d23,5e43c23e-38c0-4a33-b23b-79adc0a8018c
d8b31ebd46009f65e26b9a5bf506f609,5e43c23e-38c0-4a33-b23b-79adc0a8018c
f9355cc630a7088eaddc0fdca528ff85,5e43c23e-38c0-4a33-b23b-79adc0a8018c
846b222a376f7bfd66eba57ec9c97a58,5e43c23e-38c0-4a33-b23b-79adc0a8018c
72f78ee752c6e7c885bd20090f6dc08b,5e43c23e-38c0-4a33-b23b-79adc0a8018c
94fe2c556418c45a56484dcd51c33eb1,5e43c23e-38c0-4a33-b23b-79adc0a8018c
00c230ac08cab6ea08184ab835eef88c,5e43c23e-38c0-4a33-b23b-79adc0a8018c
32cdcdea10bc18e63dd5e73e1ee12657,5e43c23e-38c0-4a33-b23b-79adc0a8018c
0571fbd1099baa8c81b2dee72f7de2cb,5e43c23e-38c0-4a33-b23b-79adc0a8018c
10a7cdd970fe135cf4f7bb55c0e3b59f,5e43c23e-38c0-4a33-b23b-79adc0a8018c
1eb19ca844c97aeda3c074db5263d58a,5e43c23e-38c0-4a33-b23b-79adc0a8018c
1c35de8d3cda3ba55b67e96e630f638b,5e43c23e-38c0-4a33-b23b-79adc0a8018c
b4997f7b6ea12ca5b80f4803c4122f19,5e43c23e-38c0-4a33-b23b-79adc0a8018c
0acc410741d6d1cecf9bb68c02903855,5e43c23e-38c0-4a33-b23b-79adc0a8018c
5a2db6c5847af6f27bd92616eb6995fc,5e43c187-ee7c-4062-9cc9-024ac0a8018c
e8ca4aba8d300bb941b601f680261d64,5e43c187-ee7c-4062-9cc9-024ac0a8018c
0978cf7a3661db3bd31bca53e1387d96,5e43c187-ee7c-4062-9cc9-024ac0a8018c
890a1855a2a6c07c496d45e11007e379,5e43c187-ee7c-4062-9cc9-024ac0a8018c
9efea142c104ee3c13945982d73289cb,5e43c187-ee7c-4062-9cc9-024ac0a8018c
ac10c912e40c4541a6733be729a4d80a,5e43c187-ee7c-4062-9cc9-024ac0a8018c
4607280d51915198a87ba28be402c946,5e43c187-ee7c-4062-9cc9-024ac0a8018c
99d2ae5788273b6299573460eb62ce79,5e43c187-ee7c-4062-9cc9-024ac0a8018c
c09c9be2a71cd6bbc14e2ba9fdaea667,5e43c187-ee7c-4062-9cc9-024ac0a8018c
918da225bb05e2fd294d252a4e9f0b9f,5e43c187-ee7c-4062-9cc9-024ac0a8018c
b40446e2ee69fb941aebf48dd39c24c2,5e43bc2e-e37c-4f51-8000-44dec0a8018c
b16e1f55791a7fa65b740f34b149cba2,5e43bc2e-e37c-4f51-8000-44dec0a8018c
4dbe4dcb0c009b10083b50e105818f5b,5e43bc2e-e37c-4f51-8000-44dec0a8018c
c5578286358469720a190db7bd324538,5e43bc2e-e37c-4f51-8000-44dec0a8018c
9efea142c104ee3c13945982d73289cb,5e43bc2e-e37c-4f51-8000-44dec0a8018c
172526b62c61ceecd81a987522c0ee25,5e43bc2e-e37c-4f51-8000-44dec0a8018c
fb7add52e95dd57a595782b1130064ef,5e43bc2e-e37c-4f51-8000-44dec0a8018c
59411792015e190441147871da12c07a,5e43bc2e-e37c-4f51-8000-44dec0a8018c
2f224667606a01e8042c45e4b00e9cab,5e43bc2e-e37c-4f51-8000-44dec0a8018c
f698d62e9e9ef840cf327b4a8cff2e48,5e43bc2e-e37c-4f51-8000-44dec0a8018c
5414085df33c9e0b1d0402fdbcbca604,5e43b60d-c3f4-449a-a62e-7eacc0a8018c
6e875f4004c64f0e432542baff1db520,5e43b60d-c3f4-449a-a62e-7eacc0a8018c
d9fa05aeef4ea8e44acf0c8e0b0056e5,5e43b60d-c3f4-449a-a62e-7eacc0a8018c
2b89fa489656b50aeafe704351402ccd,5e43b60d-c3f4-449a-a62e-7eacc0a8018c
a42298df49d902ca53bab1ef7a17de63,5e43b60d-c3f4-449a-a62e-7eacc0a8018c
2ffd4cfa23abf8a4569ced3c552483a4,5e43b60d-c3f4-449a-a62e-7eacc0a8018c
e275547bd6b449a3695e22ad53bd30bb,5e43b60d-c3f4-449a-a62e-7eacc0a8018c
5bf2f0b9f285339eb108506d2e303554,5e43b60d-c3f4-449a-a62e-7eacc0a8018c
916e75713654a615fab95e23ff1cea01,5e43b60d-c3f4-449a-a62e-7eacc0a8018c
299f32bb37efe7c10d0d6c9aa9655a9c,5e43b60d-c3f4-449a-a62e-7eacc0a8018c
b4d9d46e3ab94f954a38082bb8c76e31,5e43b60d-c3f4-449a-a62e-7eacc0a8018c
15f601aac7060eb7214676a7789d6270,5e43b60d-c3f4-449a-a62e-7eacc0a8018c
5b8fb84a844a593b9eb6f95761e30703,5e43b60d-c3f4-449a-a62e-7eacc0a8018c
739358b2b8785754870fb70d2ad36628,5e43b60d-c3f4-449a-a62e-7eacc0a8018c
e8997399961b6a344883b2edb6ccaa39,5e43b60d-c3f4-449a-a62e-7eacc0a8018c
c91d5fa60d751448b2f6c83fb5ca38f7,5e43b60d-c3f4-449a-a62e-7eacc0a8018c
5310f1deba5cf0c78161aaf8a2041966,5e43b60d-c3f4-449a-a62e-7eacc0a8018c
9bd1506149f47c78710a93ea78dc9f1e,5e43b60d-c3f4-449a-a62e-7eacc0a8018c
4dd3479a7d8a13e22518a22202f4da7b,5e43b60d-c3f4-449a-a62e-7eacc0a8018c
530375e5740c9530b3da63a1f93fddcb,5e43b60d-c3f4-449a-a62e-7eacc0a8018c
b7b66a0518e9817c8c25a6c9c4c98ecb,5e43b60d-c3f4-449a-a62e-7eacc0a8018c
702b9acd086371a139a64c3fb21d19e1,5e43b60d-c3f4-449a-a62e-7eacc0a8018c
606d8557122e93dd5011409ca75bbe23,5e43b60d-c3f4-449a-a62e-7eacc0a8018c
c8e9e8591d11a3805b5df59ff49855ee,5e43b60d-c3f4-449a-a62e-7eacc0a8018c
be767243ca8f574c740fb4c26cc6dceb,5e43b60d-c3f4-449a-a62e-7eacc0a8018c
c6e5036a2db2dee8cde0c773f73d0381,5e43b60d-c3f4-449a-a62e-7eacc0a8018c
c09c189734243e332308e63d60a21e44,5e43b60d-c3f4-449a-a62e-7eacc0a8018c
19d8e42a68e0505ffdf222db9782a7b7,5e43b60d-c3f4-449a-a62e-7eacc0a8018c
7bba86dabf5c3fd29388da475be0f7c9,5e43b60d-c3f4-449a-a62e-7eacc0a8018c
6b1ff4e93b48d51afd0d933472612973,5e43b60d-c3f4-449a-a62e-7eacc0a8018c
10a7cdd970fe135cf4f7bb55c0e3b59f,5e43b60d-c3f4-449a-a62e-7eacc0a8018c
28cb71db90088a30ffa051b6ef2b7b99,5e43b60d-c3f4-449a-a62e-7eacc0a8018c
1f9f10738f26f33b75db6ce7b7350c55,5e43b60d-c3f4-449a-a62e-7eacc0a8018c
6c19a2f276fe2c42e08163ef0ddf8fc1,5e43b60d-c3f4-449a-a62e-7eacc0a8018c
b07491c0d2085e5a862f63fde7508817,5e43b60d-c3f4-449a-a62e-7eacc0a8018c
08fd5e0c1ff77f0663fe1820589fc54d,5e43b60d-c3f4-449a-a62e-7eacc0a8018c
a08c938c1e7c76d8fb83eee1a8b95f02,5e43b60d-c3f4-449a-a62e-7eacc0a8018c
dfba9eecf1f2e2e28feee6e30e6f3da0,5e43b60d-c3f4-449a-a62e-7eacc0a8018c
94fe2c556418c45a56484dcd51c33eb1,5e43b60d-c3f4-449a-a62e-7eacc0a8018c
cb71ca169ce433c0639e3d12d492838d,5e43b60d-c3f4-449a-a62e-7eacc0a8018c
e9374ffb61a62bc0c8ccd2892afdc5be,5e43b60d-c3f4-449a-a62e-7eacc0a8018c
c9fef6a9c3668bedafc6a846703a7c01,5e43b60d-c3f4-449a-a62e-7eacc0a8018c
774412967f19ea61d448977ad9749078,5e43b60d-c3f4-449a-a62e-7eacc0a8018c
910d671776d1e6e182c6fdde907d7b45,5e43b60d-c3f4-449a-a62e-7eacc0a8018c
a3c8dc38996b37771744e6a1408fc651,5e43b60d-c3f4-449a-a62e-7eacc0a8018c
19ae3317edf86b1ac644d48eeff5661c,5e43b60d-c3f4-449a-a62e-7eacc0a8018c
5d209e0b5fb15ab07f5a33024da989df,5e43b60d-c3f4-449a-a62e-7eacc0a8018c
4eb7cf2da27935addc5149a67919ac93,5e43b5d3-3b48-4666-b5cb-4a5fc0a8018c
ab3d33cb41492c3aa82b560f27c54c80,5e43b5d3-3b48-4666-b5cb-4a5fc0a8018c
3313cb241979631828a49ab64a49deb1,5e43b5d3-3b48-4666-b5cb-4a5fc0a8018c
0797f1fbd7379f9c8832631d8038c011,5e43b5d3-3b48-4666-b5cb-4a5fc0a8018c
a42298df49d902ca53bab1ef7a17de63,5e43b5d3-3b48-4666-b5cb-4a5fc0a8018c
d39da99a6ed700e1c77cfd33c156d779,5e43b5d3-3b48-4666-b5cb-4a5fc0a8018c
1e5feae5cc188a1d8eecc438cc180de0,5e43b5d3-3b48-4666-b5cb-4a5fc0a8018c
5bf2f0b9f285339eb108506d2e303554,5e43b5d3-3b48-4666-b5cb-4a5fc0a8018c
08054846bbc9933fd0395f8be516a9f9,5e43b5d3-3b48-4666-b5cb-4a5fc0a8018c
523a7773519c1c1e2df7771e2c22140c,5e43b5d3-3b48-4666-b5cb-4a5fc0a8018c
05aad81f6da09e308e39c87f1431cfa1,5e43b5d3-3b48-4666-b5cb-4a5fc0a8018c
5a6f9c06dd5e14d884a55af666105600,5e43b5d3-3b48-4666-b5cb-4a5fc0a8018c
c0cd80d620f5772ae7cb178b06e61418,5e43b5d3-3b48-4666-b5cb-4a5fc0a8018c
45752c32d6a2d38edc4763f2baf577ac,5e43b5d3-3b48-4666-b5cb-4a5fc0a8018c
e44f9e348e41cb272efa87387728571b,5e43b5d3-3b48-4666-b5cb-4a5fc0a8018c
b28796515baa91b781f9340b9aee0a1a,5e43b5d3-3b48-4666-b5cb-4a5fc0a8018c
aae1e9688915d4fc5a6c02d15a0eab48,5e43b5d3-3b48-4666-b5cb-4a5fc0a8018c
c92f91613724ea4c7c62f90938adef9b,5e43b5d3-3b48-4666-b5cb-4a5fc0a8018c
774412967f19ea61d448977ad9749078,5e43b5d3-3b48-4666-b5cb-4a5fc0a8018c
b4a819630e276469d9c8bc8259fbb5f8,5e43b5d3-3b48-4666-b5cb-4a5fc0a8018c
69d7984ac6af787547b91ea2dd031fe6,5e43b5d3-3b48-4666-b5cb-4a5fc0a8018c
74be16979710d4c4e7c6647856088456,5e43b5d3-3b48-4666-b5cb-4a5fc0a8018c
0144712dd81be0c3d9724f5e56ce6685,5e43b5d3-3b48-4666-b5cb-4a5fc0a8018c
fa1269ea0d8c8723b5734305e48f7d46,5e43b5d3-3b48-4666-b5cb-4a5fc0a8018c
cfcd208495d565ef66e7dff9f98764da,5e43b5d3-3b48-4666-b5cb-4a5fc0a8018c
30565a8911a6bb487e3745c0ea3c8224,5e43b5d3-3b48-4666-b5cb-4a5fc0a8018c
c3389ed2367e63c78761d4611e720ca8,5e43b5d3-3b48-4666-b5cb-4a5fc0a8018c
478fbc4702a35719217fcfa62bad17a4,5e43b5d3-3b48-4666-b5cb-4a5fc0a8018c
179627c7da2001de79063b914ff810ea,5e43b5d3-3b48-4666-b5cb-4a5fc0a8018c
1c84aad1b892e9af3605b5bdf7abb413,5e43b5d3-3b48-4666-b5cb-4a5fc0a8018c
1e65040d77567934e4ffed55c656a3cc,5e43b5d3-3b48-4666-b5cb-4a5fc0a8018c
a5a81d006e147d52771ac5df2796bd09,5e43b5d3-3b48-4666-b5cb-4a5fc0a8018c
e8997399961b6a344883b2edb6ccaa39,5e43b5d3-3b48-4666-b5cb-4a5fc0a8018c
8d767a87e71aa5e8748160d67a97386d,5e43b5d3-3b48-4666-b5cb-4a5fc0a8018c
27ac2aac9cc3aff081a9d1f9a3164c5b,5e43b5d3-3b48-4666-b5cb-4a5fc0a8018c
70dc502656c8eb545f176230a010244f,5e43b5d3-3b48-4666-b5cb-4a5fc0a8018c
10a7cdd970fe135cf4f7bb55c0e3b59f,5e43b5d3-3b48-4666-b5cb-4a5fc0a8018c
0b09c1747be7ecca829371dfce163709,5e43b5d3-3b48-4666-b5cb-4a5fc0a8018c
94fe2c556418c45a56484dcd51c33eb1,5e43b5d3-3b48-4666-b5cb-4a5fc0a8018c
a26c8c627512d3c005119238ada513db,5e43b5d3-3b48-4666-b5cb-4a5fc0a8018c
2fd540d7d35c2cef035eebc144fec04f,5e43b5d3-3b48-4666-b5cb-4a5fc0a8018c
76b04ae3d452e85b70ef2d4059446215,5e43b5d3-3b48-4666-b5cb-4a5fc0a8018c
a2b4ca7ef77ef841d2e8fa25174f2336,5e43b5d3-3b48-4666-b5cb-4a5fc0a8018c
2bbfb1c1c6c078fcf99b2a568cab2711,5e43b5d3-3b48-4666-b5cb-4a5fc0a8018c
1f9f10738f26f33b75db6ce7b7350c55,5e43b5d3-3b48-4666-b5cb-4a5fc0a8018c
4670be8c1570db59b2fd9899ba0a9b7f,5e43b5d3-3b48-4666-b5cb-4a5fc0a8018c
d00d0a8be500d9f6b8edf9b5fd33ebc6,5e43b5d3-3b48-4666-b5cb-4a5fc0a8018c
4a9bf013d22c78e0fe403ba39bfeb6a8,5e43b5d3-3b48-4666-b5cb-4a5fc0a8018c
444ca168275a5007d944dea9c9e1a4ac,5e43b5d3-3b48-4666-b5cb-4a5fc0a8018c
f650a8c827a272da2e5e51b3abfed071,5e43b5d3-3b48-4666-b5cb-4a5fc0a8018c
b65e28d6f3f56c7ec8c0ab67b477e139,5e43b5d3-3b48-4666-b5cb-4a5fc0a8018c
3a1a78780f095f1285bfe7aaca5bf6fd,5e43b5d3-3b48-4666-b5cb-4a5fc0a8018c
9def6668f4ad3c3b8ccb7fd9ea176923,5e43b5d3-3b48-4666-b5cb-4a5fc0a8018c
34ece2bdfa3d25c95f1abe8046634441,5e43ab47-a400-4e5e-9fcc-53e2c0a8018c
16e5f93549645a6dd5811e12954c806d,5e43ab47-a400-4e5e-9fcc-53e2c0a8018c
1eb9caac6c4be00c8087545f8f8ef6e5,5e43ab47-a400-4e5e-9fcc-53e2c0a8018c
250d7f1c89f0deefb07ccb4848ec19ec,5e43ab47-a400-4e5e-9fcc-53e2c0a8018c
a42298df49d902ca53bab1ef7a17de63,5e43ab47-a400-4e5e-9fcc-53e2c0a8018c
e8b340b4f04c51495682108a846d0273,5e43ab47-a400-4e5e-9fcc-53e2c0a8018c
eca152b356cac268dac411b9e9851405,5e43ab47-a400-4e5e-9fcc-53e2c0a8018c
b136c851cc7ceb8f7c370bb5faf1985f,5e43ab47-a400-4e5e-9fcc-53e2c0a8018c
916e75713654a615fab95e23ff1cea01,5e43ab47-a400-4e5e-9fcc-53e2c0a8018c
4d916426c38e1fce4d51c473cc65d1cb,5e43ab47-a400-4e5e-9fcc-53e2c0a8018c
37072e81a45e848b82a1437d5cb5fc50,5e43ab47-a400-4e5e-9fcc-53e2c0a8018c
7abf09a869bdbfecd9fa6a338882e018,5e43ab47-a400-4e5e-9fcc-53e2c0a8018c
2ac1b0007c47d872b3298cf2c02e2926,5e43ab47-a400-4e5e-9fcc-53e2c0a8018c
705792838c53264c186e953ea2d71a0f,5e43ab47-a400-4e5e-9fcc-53e2c0a8018c
b7b66a0518e9817c8c25a6c9c4c98ecb,5e43ab47-a400-4e5e-9fcc-53e2c0a8018c
6fc5307c5bc40a8954a9e1d0d067c2c1,5e43ab47-a400-4e5e-9fcc-53e2c0a8018c
138eec369e4f97fc22bfc41d3bdf52ae,5e43ab47-a400-4e5e-9fcc-53e2c0a8018c
afe1a64ec25455c70438694b24aed85d,5e43ab47-a400-4e5e-9fcc-53e2c0a8018c
f7efa4f864ae9b88d43527f4b14f750f,5e43ab47-a400-4e5e-9fcc-53e2c0a8018c
30565a8911a6bb487e3745c0ea3c8224,5e43ab47-a400-4e5e-9fcc-53e2c0a8018c
1f9f10738f26f33b75db6ce7b7350c55,5e43ab47-a400-4e5e-9fcc-53e2c0a8018c
2d6989a973f3e5ab641e8ca70d47f510,5e43ab47-a400-4e5e-9fcc-53e2c0a8018c
fa6dfa4c35cf62f37c75c63b6b794166,5e43ab47-a400-4e5e-9fcc-53e2c0a8018c
e2c093889051d2f6180e870b84275122,5e43ab47-a400-4e5e-9fcc-53e2c0a8018c
f7efa4f864ae9b88d43527f4b14f750f,5e43ab47-a400-4e5e-9fcc-53e2c0a8018c
9491dfc66013e9d00702bd14f214dd0d,5e43ab47-a400-4e5e-9fcc-53e2c0a8018c
222a9c53169c537f2ffaeb42ab0b5915,5e43ab47-a400-4e5e-9fcc-53e2c0a8018c
ee314062d857366f77ffd30aec0ee391,5e43ab47-a400-4e5e-9fcc-53e2c0a8018c
0f8d24f9d67db4389ec620aac2f7d595,5e43ab47-a400-4e5e-9fcc-53e2c0a8018c
9cec87b8c95384bd37ce958488fc5bb3,5e43ab0a-38a0-48e3-bab6-140ac0a8018c
52a1d6da641dd35bfca34e8efa29f259,5e43ab0a-38a0-48e3-bab6-140ac0a8018c
35465cee30e382e22ccbd209bb816a14,5e43ab0a-38a0-48e3-bab6-140ac0a8018c
e28dac2d2f2075a10100b9dedef998b4,5e43ab0a-38a0-48e3-bab6-140ac0a8018c
a42298df49d902ca53bab1ef7a17de63,5e43ab0a-38a0-48e3-bab6-140ac0a8018c
9994b6678f63b7c275aef149aaa5b60b,5e43ab0a-38a0-48e3-bab6-140ac0a8018c
cac374cb666bd455f2badd9f48e28706,5e43ab0a-38a0-48e3-bab6-140ac0a8018c
b136c851cc7ceb8f7c370bb5faf1985f,5e43ab0a-38a0-48e3-bab6-140ac0a8018c
916e75713654a615fab95e23ff1cea01,5e43ab0a-38a0-48e3-bab6-140ac0a8018c
4bbcfc05513a32cf26ccf89b46a297f0,5e43ab0a-38a0-48e3-bab6-140ac0a8018c
5fb9b9af4421b5e035e2accf977db723,5e43ab0a-38a0-48e3-bab6-140ac0a8018c
562cf0ce9e842e3010fa41307a82131c,5e43ab0a-38a0-48e3-bab6-140ac0a8018c
2ac1b0007c47d872b3298cf2c02e2926,5e43ab0a-38a0-48e3-bab6-140ac0a8018c
ead5971eefb639fcdbafe6bb53667d3a,5e43ab0a-38a0-48e3-bab6-140ac0a8018c
b7b66a0518e9817c8c25a6c9c4c98ecb,5e43ab0a-38a0-48e3-bab6-140ac0a8018c
6fc5307c5bc40a8954a9e1d0d067c2c1,5e43ab0a-38a0-48e3-bab6-140ac0a8018c
138eec369e4f97fc22bfc41d3bdf52ae,5e43ab0a-38a0-48e3-bab6-140ac0a8018c
afe1a64ec25455c70438694b24aed85d,5e43ab0a-38a0-48e3-bab6-140ac0a8018c
f7efa4f864ae9b88d43527f4b14f750f,5e43ab0a-38a0-48e3-bab6-140ac0a8018c
30565a8911a6bb487e3745c0ea3c8224,5e43ab0a-38a0-48e3-bab6-140ac0a8018c
1f9f10738f26f33b75db6ce7b7350c55,5e43ab0a-38a0-48e3-bab6-140ac0a8018c
10ddded22d8c15e296f8257433468b3a,5e43ab0a-38a0-48e3-bab6-140ac0a8018c
a5e855f1a869277f1ca0da2b3a3ec891,5e43ab0a-38a0-48e3-bab6-140ac0a8018c
d0b894bd23eb7b7e84bf1f2d5de1282b,5e43ab0a-38a0-48e3-bab6-140ac0a8018c
f7efa4f864ae9b88d43527f4b14f750f,5e43ab0a-38a0-48e3-bab6-140ac0a8018c
ddc18f484552f8148fcab2872d95c82e,5e43ab0a-38a0-48e3-bab6-140ac0a8018c
d7925274a15fb5eea1f151fbcf0b6276,5e43ab0a-38a0-48e3-bab6-140ac0a8018c
ee314062d857366f77ffd30aec0ee391,5e43ab0a-38a0-48e3-bab6-140ac0a8018c
ad8b7571d4b399d932d16d72717eb1a2,5e43ab0a-38a0-48e3-bab6-140ac0a8018c
d42600991adee4627ea4084fb3f4c003,5e43aa56-ae40-4d96-a437-140ac0a8018c
06ea30e6e39e6865249d4ea7724537f8,5e43aa56-ae40-4d96-a437-140ac0a8018c
9c028d204dcd64c8a6ab32f3cfe126c1,5e43aa56-ae40-4d96-a437-140ac0a8018c
d83226dc9665f9e1d61b0027c27c45ef,5e43aa56-ae40-4d96-a437-140ac0a8018c
04e5c6a74cc19672895d65ab52021b70,5e43aa56-ae40-4d96-a437-140ac0a8018c
764bf6893afc92b1499124167f4c98ec,5e43aa56-ae40-4d96-a437-140ac0a8018c
651cbb0abd5962bccf014efda2b98905,5e43aa56-ae40-4d96-a437-140ac0a8018c
5d4034118a12c8d1eb82a34edb30b075,5e43aa56-ae40-4d96-a437-140ac0a8018c
a560214ebd5dca810cb799de32dfeedc,5e43aa56-ae40-4d96-a437-140ac0a8018c
e9d9da36be765bd687ba06df0aed9f78,5e43aa56-ae40-4d96-a437-140ac0a8018c
5b399e3fa77bd8f965e1b4c4432dce68,5e4392e9-ab2c-41e0-a2eb-5cc6c0a8018c
73366e32d057eafa3730d1a440c34c4f,5e4392e9-ab2c-41e0-a2eb-5cc6c0a8018c
58ca03995bcc4a262746443693873244,5e4392e9-ab2c-41e0-a2eb-5cc6c0a8018c
0126a2afbc3754a94ff134c5a56de5ed,5e4392e9-ab2c-41e0-a2eb-5cc6c0a8018c
cf2f83689c16bcc1046f819cba0cbf2e,5e4392e9-ab2c-41e0-a2eb-5cc6c0a8018c
7ef69e6742427f2f6649ea47765c7980,5e4392e9-ab2c-41e0-a2eb-5cc6c0a8018c
99f66ce687439b6bf4c6a71e42a51848,5e4392e9-ab2c-41e0-a2eb-5cc6c0a8018c
4f47a4cc8ec7e5bf997366d0b2a9c342,5e437b3f-e100-4488-82c4-0327c0a8018c
cb716e1a009beba798bbfce1c55ccaa6,5e437b3f-e100-4488-82c4-0327c0a8018c
279a273bc4568a19108db3a000b05915,5e437b3f-e100-4488-82c4-0327c0a8018c
35e2180f25f1bfe31fb9ebcc292a3c8c,5e437b3f-e100-4488-82c4-0327c0a8018c
6e0dfb7ac224a4d4639a27805fd930fd,5e437b3f-e100-4488-82c4-0327c0a8018c
9ae4bddca4ee56c93f3c6cde132e2618,5e437b3f-e100-4488-82c4-0327c0a8018c
886497104c32a8b9cadd4edaf5ed79f2,5e437b3f-e100-4488-82c4-0327c0a8018c
423d7a9b4277d21623ea40d854d0d3d5,5e437b3f-e100-4488-82c4-0327c0a8018c
a4769775c7188f1bfb4000cdf7a52727,5e437b3f-e100-4488-82c4-0327c0a8018c
9460e6ece5ed193fe661c1d9ae30d3c2,5e437b3f-e100-4488-82c4-0327c0a8018c
ea5107e5bee020d8711679c1d6b4a2e8,5e431cb3-f910-4acc-bb3a-1695c0a8018c
caa3efd03dc6d031f7a1598d521a6ac5,5e431cb3-f910-4acc-bb3a-1695c0a8018c
6ab5b98895aa56fb7b0677a95e9dff62,5e431cb3-f910-4acc-bb3a-1695c0a8018c
29a37254b82d1d881ffaa3fef37e852c,5e431cb3-f910-4acc-bb3a-1695c0a8018c
b10882b0773eff0028c8dbbe5380f886,5e431cb3-f910-4acc-bb3a-1695c0a8018c
b4ccee4b4c34f7cab77deda28b08ae2a,5e431cb3-f910-4acc-bb3a-1695c0a8018c
98bef89de5c204106dc0d2b77161b9e5,5e431cb3-f910-4acc-bb3a-1695c0a8018c
d270b0ec78a8377afbf1c25f22a95111,5e431cb3-f910-4acc-bb3a-1695c0a8018c
b56908db0b4c0ff65fd2d9d1396ea42a,5e431cb3-f910-4acc-bb3a-1695c0a8018c
b6bb5f0345deb2193d7ae7a975134474,5e431cb3-f910-4acc-bb3a-1695c0a8018c
1dad83d9626b71365a042a4390b2222a,5e431c3a-0f88-4717-a18b-6f5dc0a8018c
5ad6f787b361a73677829933627518ae,5e431c3a-0f88-4717-a18b-6f5dc0a8018c
73e0230981595a245f92daeaf291a718,5e431c3a-0f88-4717-a18b-6f5dc0a8018c
f3fc32b21f5d266427708d95d9769cf4,5e431c3a-0f88-4717-a18b-6f5dc0a8018c
a42298df49d902ca53bab1ef7a17de63,5e431c3a-0f88-4717-a18b-6f5dc0a8018c
9fed4aaf83cba32a7282ecdc2e084707,5e431c3a-0f88-4717-a18b-6f5dc0a8018c
6f0f49e9519f278d629fbbafc1f7ccb1,5e431c3a-0f88-4717-a18b-6f5dc0a8018c
b7d45b23ebabdff8ce8e4190794aa5c8,5e431c3a-0f88-4717-a18b-6f5dc0a8018c
4d7bc3cf8525caa5074ea758705a8a06,5e431c3a-0f88-4717-a18b-6f5dc0a8018c
95f842321070ce98abd6a625985bbe93,5e431c3a-0f88-4717-a18b-6f5dc0a8018c
839bb1f8b15dd6584910d6531272713a,5e431c3a-0f88-4717-a18b-6f5dc0a8018c
4aa3f42ac43a68a82e3db9f5af4e6f49,5e431c3a-0f88-4717-a18b-6f5dc0a8018c
c7a505a36cd096c17cb0e536d8fb4846,5e431c3a-0f88-4717-a18b-6f5dc0a8018c
b1ef61c602cb9c0223abbc5d5541cdb6,5e431c3a-0f88-4717-a18b-6f5dc0a8018c
c7c2499647419641fef8288442b1dc98,5e431c3a-0f88-4717-a18b-6f5dc0a8018c
29a7135d84c2583ba3f1f1a4d74ed799,5e431c3a-0f88-4717-a18b-6f5dc0a8018c
cab7cba7bd2300958617d7c82c472a7f,5e431c3a-0f88-4717-a18b-6f5dc0a8018c
6c32a16cfd0442ddd9506b78e4083ae7,5e431c3a-0f88-4717-a18b-6f5dc0a8018c
8fd1072f0f69f1e95d6b248f8806afe9,5e431c3a-0f88-4717-a18b-6f5dc0a8018c
a117123fce73b0f337da8acba14b397c,5e431c3a-0f88-4717-a18b-6f5dc0a8018c
1d9ca35f7c1f8c182a01fe4ec3b8d575,5e431c3a-0f88-4717-a18b-6f5dc0a8018c
6301d6c93c34383af6794f154907bb9e,5e431c3a-0f88-4717-a18b-6f5dc0a8018c
916e75713654a615fab95e23ff1cea01,5e431c3a-0f88-4717-a18b-6f5dc0a8018c
ce72792a2f3391f7dc9ddf119376985a,5e431c3a-0f88-4717-a18b-6f5dc0a8018c
51e30999692d4e4441dd7ad3c038cd64,5e431c3a-0f88-4717-a18b-6f5dc0a8018c
b43e5bc477623bfa9d582470e133db9f,5e431c3a-0f88-4717-a18b-6f5dc0a8018c
4a817b1603b0bb00b6556ec207710e72,5e431c3a-0f88-4717-a18b-6f5dc0a8018c
8acffde069aa1f7f2df1f67afe1f4804,5e431c3a-0f88-4717-a18b-6f5dc0a8018c
e8997399961b6a344883b2edb6ccaa39,5e431c3a-0f88-4717-a18b-6f5dc0a8018c
9ee6bcb88c8c6e5539155b663db491b0,5e431c3a-0f88-4717-a18b-6f5dc0a8018c
343982fe908559468382227f25650e2e,5e431c3a-0f88-4717-a18b-6f5dc0a8018c
98089a75e66d0e2109feb31de13b51af,5e431c3a-0f88-4717-a18b-6f5dc0a8018c
f43764367fa4b73ba947fae71b0223a4,5e431c3a-0f88-4717-a18b-6f5dc0a8018c
c813e5b04619816b27c31c1f174bfac3,5e431c3a-0f88-4717-a18b-6f5dc0a8018c
b7b66a0518e9817c8c25a6c9c4c98ecb,5e431c3a-0f88-4717-a18b-6f5dc0a8018c
dff8571e9ef1b0fdc9ccca4728f9116b,5e431c3a-0f88-4717-a18b-6f5dc0a8018c
7efe45f0c267808c8633975ad61910fa,5e431c3a-0f88-4717-a18b-6f5dc0a8018c
85f816a8f298baad6a67f00d12dc6b36,5e431c3a-0f88-4717-a18b-6f5dc0a8018c
be767243ca8f574c740fb4c26cc6dceb,5e431c3a-0f88-4717-a18b-6f5dc0a8018c
25dcb446c4a5dd10d8bfd30aa6b35deb,5e431c3a-0f88-4717-a18b-6f5dc0a8018c
c09c189734243e332308e63d60a21e44,5e431c3a-0f88-4717-a18b-6f5dc0a8018c
a0e9a76e4e98de09eb59a9cb1a8acfbf,5e431c3a-0f88-4717-a18b-6f5dc0a8018c
3737c69d395a2de3135956c364244e71,5e431c3a-0f88-4717-a18b-6f5dc0a8018c
2eebad3d81cc0e40169bada4074f3ed4,5e431c3a-0f88-4717-a18b-6f5dc0a8018c
10a7cdd970fe135cf4f7bb55c0e3b59f,5e431c3a-0f88-4717-a18b-6f5dc0a8018c
3731cb3a645f0394ea2ed71dfc4fbdea,5e431c3a-0f88-4717-a18b-6f5dc0a8018c
59044e4f215aa13fb9af495e62af49c8,5e431c3a-0f88-4717-a18b-6f5dc0a8018c
333551307ffc3af8f5e4dce474ed48b1,5e431c3a-0f88-4717-a18b-6f5dc0a8018c
bbb7395f94910bb4917b11b9185218e8,5e431c3a-0f88-4717-a18b-6f5dc0a8018c
f90de17da3060d361c6306e2f072efcb,5e431c3a-0f88-4717-a18b-6f5dc0a8018c
10a7cdd970fe135cf4f7bb55c0e3b59f,5e431c3a-0f88-4717-a18b-6f5dc0a8018c
f43bf2addba932139fa1e4a6e9fcf42f,5e431c3a-0f88-4717-a18b-6f5dc0a8018c
916e75713654a615fab95e23ff1cea01,5e431c3a-0f88-4717-a18b-6f5dc0a8018c
6e816b806ff9f743cf318d65465bfd78,5e431c3a-0f88-4717-a18b-6f5dc0a8018c
b85fbfd335c52e5be2ef8e7b14a5462d,5e431c3a-0f88-4717-a18b-6f5dc0a8018c
831b4e52406de9e0be9ff2baf0c66a0b,5e431c3a-0f88-4717-a18b-6f5dc0a8018c
051928341be67dcba03f0e04104d9047,5e431c3a-0f88-4717-a18b-6f5dc0a8018c
86d9dbab9f2e49b632c337aff20afeb8,5e431c3a-0f88-4717-a18b-6f5dc0a8018c
1f9f10738f26f33b75db6ce7b7350c55,5e431c3a-0f88-4717-a18b-6f5dc0a8018c
10fadf80a438d7c89290ea065cacb9eb,5e431c3a-0f88-4717-a18b-6f5dc0a8018c
70554db4293e5c551765cb495244a21b,5e431c3a-0f88-4717-a18b-6f5dc0a8018c
9dcf17d238ef5d2fb58e6f4e32b60007,5e431c3a-0f88-4717-a18b-6f5dc0a8018c
02db2dd17a738bd645145b9d24bede92,5e431c3a-0f88-4717-a18b-6f5dc0a8018c
d435da2a043b1e798441df91f1093cb7,5e431c3a-0f88-4717-a18b-6f5dc0a8018c
94fe2c556418c45a56484dcd51c33eb1,5e431c3a-0f88-4717-a18b-6f5dc0a8018c
51b43e2f1b1a2142d9c7923e5a128400,5e431c3a-0f88-4717-a18b-6f5dc0a8018c
e20aaff9eda6a0c6e2bf9672a33097d0,5e431c3a-0f88-4717-a18b-6f5dc0a8018c
38014bad876cceb7b04d373b5010d9ea,5e431c3a-0f88-4717-a18b-6f5dc0a8018c
197f76fe309657064dbec74d9eea4be4,5e431c3a-0f88-4717-a18b-6f5dc0a8018c
f6a6ecf025129c9de7d694fd79eadc9e,5e431c3a-0f88-4717-a18b-6f5dc0a8018c
0e84818004ebb43fcdb6e641e0e07a2e,5e431c3a-0f88-4717-a18b-6f5dc0a8018c
b6b8c2b3a77aa35e07db7311e0118fa8,5e431c3a-0f88-4717-a18b-6f5dc0a8018c
276dec015069436d0b4518185c5bcbf3,5e431c3a-0f88-4717-a18b-6f5dc0a8018c
473767900bb4ef18a1db51ef513b035f,5e41c406-948c-4f6c-9fb5-5743c0a8018c
7e2aadbdb96be57397be83a3ef9a0fa2,5e41c406-948c-4f6c-9fb5-5743c0a8018c
9d01a6fd5ac2836d3cab28ae328ff113,5e41c406-948c-4f6c-9fb5-5743c0a8018c
b9acc1d4a4b0bb8757d1480378f5a6a7,5e41c406-948c-4f6c-9fb5-5743c0a8018c
a42298df49d902ca53bab1ef7a17de63,5e41c406-948c-4f6c-9fb5-5743c0a8018c
eb6463a003dee49235daf6851c1bf606,5e41c406-948c-4f6c-9fb5-5743c0a8018c
afb27ce9e1c97c6b19605c365eea8ebc,5e41c406-948c-4f6c-9fb5-5743c0a8018c
eb0c280bd4dc5bd288f3d2d4e3431b1c,5e41c406-948c-4f6c-9fb5-5743c0a8018c
916e75713654a615fab95e23ff1cea01,5e41c406-948c-4f6c-9fb5-5743c0a8018c
f5b06ab0f9f3b286afe567febedc93c7,5e41c406-948c-4f6c-9fb5-5743c0a8018c
e90a82df2f61890a07be98d6ee68247d,5e41c406-948c-4f6c-9fb5-5743c0a8018c
7e8e5b26aa37c438c75b148681f9c8c8,5e41c406-948c-4f6c-9fb5-5743c0a8018c
6924d618d27cad63a1b3fca578c13e49,5e41c406-948c-4f6c-9fb5-5743c0a8018c
ce26bdfbe54d5c31e5937ed2686a06c0,5e41c406-948c-4f6c-9fb5-5743c0a8018c
b7b66a0518e9817c8c25a6c9c4c98ecb,5e41c406-948c-4f6c-9fb5-5743c0a8018c
2925c80ce095c66c24b9e618ffecb6a7,5e41c406-948c-4f6c-9fb5-5743c0a8018c
6a088c8d923af781a4e66e29177196ae,5e41c406-948c-4f6c-9fb5-5743c0a8018c
516ddfd3c4854c09187c1100b833a8be,5e41c406-948c-4f6c-9fb5-5743c0a8018c
021bbc7ee20b71134d53e20206bd6feb,5e41c406-948c-4f6c-9fb5-5743c0a8018c
cfa22ab5dd4fdef59f267e58595c1499,5e41c406-948c-4f6c-9fb5-5743c0a8018c
c3389ed2367e63c78761d4611e720ca8,5e41c406-948c-4f6c-9fb5-5743c0a8018c
d85176be867fc2e5adaaf576c094417b,5e41c406-948c-4f6c-9fb5-5743c0a8018c
5de880fea6d53ebe97eaf513b85f5273,5e41c406-948c-4f6c-9fb5-5743c0a8018c
6e13635aa01c338fb83700d2bf058643,5e41c406-948c-4f6c-9fb5-5743c0a8018c
3cfacd1beeeb00db3c2afc128dc13b7c,5e41c406-948c-4f6c-9fb5-5743c0a8018c
7aaa8cdd2efe0e4deac6d18227e4243e,5e41c406-948c-4f6c-9fb5-5743c0a8018c
1f9f10738f26f33b75db6ce7b7350c55,5e41c406-948c-4f6c-9fb5-5743c0a8018c
6672765e1cfaf121d08f3c14ceefa8cf,5e41c406-948c-4f6c-9fb5-5743c0a8018c
95fea440cbb3cc762011fb4667c2f406,5e41c406-948c-4f6c-9fb5-5743c0a8018c
ffc62fba0cac9183c565d59937749569,5e41c406-948c-4f6c-9fb5-5743c0a8018c
8f79fcdd5079c5b64aaedd024008faa4,5e41c406-948c-4f6c-9fb5-5743c0a8018c
7db3885a6d72896612f7a26b0dda7a30,5e41c406-948c-4f6c-9fb5-5743c0a8018c
94fe2c556418c45a56484dcd51c33eb1,5e41c406-948c-4f6c-9fb5-5743c0a8018c
1296945d66f0f1e3d1b53b441d3a041d,5e41c406-948c-4f6c-9fb5-5743c0a8018c
3563d44afffeef57b0b8b89368213b67,5e41c406-948c-4f6c-9fb5-5743c0a8018c
44dc3e805f2c269be1eae2a762384107,5e41c406-948c-4f6c-9fb5-5743c0a8018c
6aadca7bd86c4743e6724f9607256126,5e41c406-948c-4f6c-9fb5-5743c0a8018c
d84917066aa35064824063d721be9583,5e41c406-948c-4f6c-9fb5-5743c0a8018c
35f7fee91094a527be56317318219b59,5e41c406-948c-4f6c-9fb5-5743c0a8018c
ace84eff82d162bcabafb82b5415a839,5e41c406-948c-4f6c-9fb5-5743c0a8018c
33f6f0467b58e29fc1b0ca992f5a5153,5e41c406-948c-4f6c-9fb5-5743c0a8018c
8248665d3bfc2b79efb6ea75eb741b84,5e41c3ca-e968-4e7f-9af9-2e02c0a8018c
0f1d3f0f1329be87c30333a963f349be,5e41c3ca-e968-4e7f-9af9-2e02c0a8018c
40c8d8d4d7c6eae6742d1914a9246db2,5e41c3ca-e968-4e7f-9af9-2e02c0a8018c
361fc8e36c26ce1ff76800e62f9d9005,5e41c3ca-e968-4e7f-9af9-2e02c0a8018c
a42298df49d902ca53bab1ef7a17de63,5e41c3ca-e968-4e7f-9af9-2e02c0a8018c
4c55e7e67002c2f988ac4cf6f4d92911,5e41c3ca-e968-4e7f-9af9-2e02c0a8018c
6df7b0c3d2ed788be7b917c365d72001,5e41c3ca-e968-4e7f-9af9-2e02c0a8018c
e32f944914b2c20a7123033dda6fa077,5e41c3ca-e968-4e7f-9af9-2e02c0a8018c
1f9f10738f26f33b75db6ce7b7350c55,5e41c3ca-e968-4e7f-9af9-2e02c0a8018c
1602f192abae668287f629af3f54f350,5e41c3ca-e968-4e7f-9af9-2e02c0a8018c
76c775b992f4fb49fbf6bbaaba83b555,5e41c3ca-e968-4e7f-9af9-2e02c0a8018c
a7c9872d6d3d2a3d3cba4869021adc44,5e41c3ca-e968-4e7f-9af9-2e02c0a8018c
a16f3a5bda35f1de87328623f0a1711f,5e41c3ca-e968-4e7f-9af9-2e02c0a8018c
c7f4a60bfd729d4fd6b3d7a2411a3300,5e41c3ca-e968-4e7f-9af9-2e02c0a8018c
c3389ed2367e63c78761d4611e720ca8,5e41c3ca-e968-4e7f-9af9-2e02c0a8018c
300a21694ccec141b79d641ad2ec84e9,5e41c3ca-e968-4e7f-9af9-2e02c0a8018c
38725289c3ee963f09d6c428d3954459,5e41c3ca-e968-4e7f-9af9-2e02c0a8018c
86ad6eafeb5d4e282fcf2b112d695784,5e41c3ca-e968-4e7f-9af9-2e02c0a8018c
10a7cdd970fe135cf4f7bb55c0e3b59f,5e41c3ca-e968-4e7f-9af9-2e02c0a8018c
d2c6c901b5cb376e8881691b3d081989,5e41c3ca-e968-4e7f-9af9-2e02c0a8018c
cd08cd821ced2f4cf08b74a451e326fd,5e41c3ca-e968-4e7f-9af9-2e02c0a8018c
5e7b36eff71ecde116ea171ac8a9217f,5e41c3ca-e968-4e7f-9af9-2e02c0a8018c
64b74a1c1f6316881e091e17d1c9cac4,5e41c3ca-e968-4e7f-9af9-2e02c0a8018c
86af243b932bf545fa441130332a3d56,5e41c3ca-e968-4e7f-9af9-2e02c0a8018c
ad10530b0957c09556a5e046a743ac0f,5e41c3ca-e968-4e7f-9af9-2e02c0a8018c
fa60c7e621b1580e5eefce09d34a5c8a,5e41c3ca-e968-4e7f-9af9-2e02c0a8018c
57fe238a70c0b1c3f4423303ad3c12d1,5e41c3ca-e968-4e7f-9af9-2e02c0a8018c
6b5e83df3f0c31a216576ae35bd261a9,5e41c3ca-e968-4e7f-9af9-2e02c0a8018c
bf6b6c30a8ad414ba81265ebe2fa6dad,5e41c3ca-e968-4e7f-9af9-2e02c0a8018c
cfe1282846a09a2bb11833796a7f919a,5e41c3ca-e968-4e7f-9af9-2e02c0a8018c
10a7cdd970fe135cf4f7bb55c0e3b59f,5e41c3ca-e968-4e7f-9af9-2e02c0a8018c
4320808ada8f9219b0dd32ee6fd2601f,5e41c3ca-e968-4e7f-9af9-2e02c0a8018c
ce9dfc23454f430883540534a84df4c6,5e41c3ca-e968-4e7f-9af9-2e02c0a8018c
e22c153482b12628b2f709bcc4d70b56,5e41c3ca-e968-4e7f-9af9-2e02c0a8018c
782eb6b083511835021c857b42841707,5e41c3ca-e968-4e7f-9af9-2e02c0a8018c
1961002625d148ed5e9432241202305f,5e41b84c-eb98-4ad3-8527-0ac5c0a8018c
7c23a8f8c91c5d912f9ebedda36ec367,5e41b84c-eb98-4ad3-8527-0ac5c0a8018c
a03143cf95217f445adad9c10a99df64,5e41b84c-eb98-4ad3-8527-0ac5c0a8018c
7737b55d1e8905a59c8ad7ca5e39a020,5e41b84c-eb98-4ad3-8527-0ac5c0a8018c
a8dbe25d6f3720c9f7dfc573ca6fdf6b,5e41b84c-eb98-4ad3-8527-0ac5c0a8018c
16409c296f4418bf8dd752c2f9472066,5e41b84c-eb98-4ad3-8527-0ac5c0a8018c
e3ec37fcab7d3e3fdd2f80c5f4ffb251,5e41b84c-eb98-4ad3-8527-0ac5c0a8018c
a96d0265479cb189b795112fefa662a0,5e41b84c-eb98-4ad3-8527-0ac5c0a8018c
d75abcec1e5c169fbfbdb087e7257bb1,5e41b84c-eb98-4ad3-8527-0ac5c0a8018c
ed05536d5e6b1b763bf24024206366f9,5e41b84c-eb98-4ad3-8527-0ac5c0a8018c
4547029aa7158f8dd5ae0441a5764e37,5e41b810-c228-47b3-91cc-655ac0a8018c
ec866698059632901679b3c967ec1842,5e41b810-c228-47b3-91cc-655ac0a8018c
a088ad4e932409a946e92ee41e90958f,5e41b810-c228-47b3-91cc-655ac0a8018c
df002e25b662983211446bb91857a0b5,5e41b810-c228-47b3-91cc-655ac0a8018c
6b88e7cf45b69d282b38609739b3ef51,5e41b810-c228-47b3-91cc-655ac0a8018c
2780f0fbbb53abd80eaf50ab52382297,5e41b810-c228-47b3-91cc-655ac0a8018c
e3ec37fcab7d3e3fdd2f80c5f4ffb251,5e41b810-c228-47b3-91cc-655ac0a8018c
b98c626e0818de7c744a2113704e81d5,5e41b810-c228-47b3-91cc-655ac0a8018c
207a0ea6115ac61880b66df1d84cd521,5e41b810-c228-47b3-91cc-655ac0a8018c
81e62d67f4123cc3ad60ece3747962da,5e41b810-c228-47b3-91cc-655ac0a8018c
f2ea653d94ed190f146d906b70a2a915,5e41b7d4-ca68-4243-bfa7-3e0ac0a8018c
d6975ec8c02e83dedf0e6f1836c568de,5e41b7d4-ca68-4243-bfa7-3e0ac0a8018c
9aaeddb32630370bafdb98a74b645175,5e41b7d4-ca68-4243-bfa7-3e0ac0a8018c
27f1c1a3bb89844a1b778fbe78fb6d80,5e41b7d4-ca68-4243-bfa7-3e0ac0a8018c
f87e0dd74eeefe7833b072c52e1810a7,5e41b7d4-ca68-4243-bfa7-3e0ac0a8018c
29e9bc0ff91035a7c1698f7f21ef53fc,5e41b7d4-ca68-4243-bfa7-3e0ac0a8018c
e3ec37fcab7d3e3fdd2f80c5f4ffb251,5e41b7d4-ca68-4243-bfa7-3e0ac0a8018c
3ee5b25454a4224d4d66e30fa4ce82bc,5e41b7d4-ca68-4243-bfa7-3e0ac0a8018c
6163ac904c1fa80bc496007077dbf9ae,5e41b7d4-ca68-4243-bfa7-3e0ac0a8018c
09979386ab6e4306ebdf6897b9d56883,5e41b7d4-ca68-4243-bfa7-3e0ac0a8018c
ddbdf264bda16815fed1dca0245d79dc,5e41b798-a618-4a8c-8e97-523cc0a8018c
fd3f6b534b7028179cc38343d0a3ee77,5e41b798-a618-4a8c-8e97-523cc0a8018c
c460ba3dfc6786fc98d7fd171610fa1b,5e41b798-a618-4a8c-8e97-523cc0a8018c
42a845d7c47a496ade03847a1f5a71fe,5e41b798-a618-4a8c-8e97-523cc0a8018c
f87e0dd74eeefe7833b072c52e1810a7,5e41b798-a618-4a8c-8e97-523cc0a8018c
27bdc04f014698deeaf4d8e0a364976e,5e41b798-a618-4a8c-8e97-523cc0a8018c
e3ec37fcab7d3e3fdd2f80c5f4ffb251,5e41b798-a618-4a8c-8e97-523cc0a8018c
8fbc3bced862aab197b5934ea3257207,5e41b798-a618-4a8c-8e97-523cc0a8018c
933894e2061bc440a53b842ef6d57f80,5e41b798-a618-4a8c-8e97-523cc0a8018c
717b5777099df4bbec68f7ed7c11a6fe,5e41b798-a618-4a8c-8e97-523cc0a8018c
d2076b49813d3f743c7da9a505824111,5e41b75d-27a0-4899-adb8-69d3c0a8018c
3415b95eb545fa36e90dd4194394ba0a,5e41b75d-27a0-4899-adb8-69d3c0a8018c
fdd83d60494c0062744006a8ef401881,5e41b75d-27a0-4899-adb8-69d3c0a8018c
4c898d36df6b2eba5f100278327261a6,5e41b75d-27a0-4899-adb8-69d3c0a8018c
e47d790e3ddcc72181c1fd68ce424bef,5e41b75d-27a0-4899-adb8-69d3c0a8018c
44afc0e80d21fe7ddd1cb2eb8c916fc8,5e41b75d-27a0-4899-adb8-69d3c0a8018c
e3ec37fcab7d3e3fdd2f80c5f4ffb251,5e41b75d-27a0-4899-adb8-69d3c0a8018c
f0d40aaf43a72990d3bd2572a789e0a0,5e41b75d-27a0-4899-adb8-69d3c0a8018c
50da14e7d8229588b9036b1b7f3ecf67,5e41b75d-27a0-4899-adb8-69d3c0a8018c
abbe1538207d3dc6e7526bd93f075d0b,5e41b75d-27a0-4899-adb8-69d3c0a8018c
3774600ed1280a435f83acba0a45f0a6,5e41b720-5d20-4429-bff5-4dcac0a8018c
667372e0a4dc01938ff5dca8b3445808,5e41b720-5d20-4429-bff5-4dcac0a8018c
49473eff265a0dfdf9fb2818b5fe24c3,5e41b720-5d20-4429-bff5-4dcac0a8018c
ad1b09fffae45f8f88701fd2da12efa1,5e41b720-5d20-4429-bff5-4dcac0a8018c
04f2c7070ed7e25ed65441165cbc86ce,5e41b720-5d20-4429-bff5-4dcac0a8018c
867b170926f1acc772aa3e70fc010730,5e41b720-5d20-4429-bff5-4dcac0a8018c
e3ec37fcab7d3e3fdd2f80c5f4ffb251,5e41b720-5d20-4429-bff5-4dcac0a8018c
45530567d1c0ead57154af4dd095469b,5e41b720-5d20-4429-bff5-4dcac0a8018c
2b4cfc6de5ce50e395abd18ee115c691,5e41b720-5d20-4429-bff5-4dcac0a8018c
e8d66cf44deadbd128909dd2e842db78,5e41b720-5d20-4429-bff5-4dcac0a8018c
890ac32406c2124fe496cf660a285bac,5e41b6e4-34b0-4675-9e6f-67dcc0a8018c
69a9762bfacd6b4bcbdf24f56e043d09,5e41b6e4-34b0-4675-9e6f-67dcc0a8018c
c187185c1a45dc486fe9a8814bc201c0,5e41b6e4-34b0-4675-9e6f-67dcc0a8018c
5d8853f4548e0d59a215d3861c1a4716,5e41b6e4-34b0-4675-9e6f-67dcc0a8018c
ce2a1fdc764bc47ef71f4ef0d188a53d,5e41b6e4-34b0-4675-9e6f-67dcc0a8018c
eb762040acd07b0fa70a30a501878fd8,5e41b6e4-34b0-4675-9e6f-67dcc0a8018c
e3ec37fcab7d3e3fdd2f80c5f4ffb251,5e41b6e4-34b0-4675-9e6f-67dcc0a8018c
14360b49d33a751c99a61b3ede5eedc2,5e41b6e4-34b0-4675-9e6f-67dcc0a8018c
952d868eb163e6662d364176770a25e1,5e41b6e4-34b0-4675-9e6f-67dcc0a8018c
c59a3083ccb0c2477b36ca2d880bafef,5e41b6e4-34b0-4675-9e6f-67dcc0a8018c
ac3bb22bce285477f2b80949f896d3d7,5e41b451-fe90-44ba-88a5-36d8c0a8018c
1e9f24e5280a991c93d4831287dc8afe,5e41b451-fe90-44ba-88a5-36d8c0a8018c
302b84ae5b8a89be7a093c01263a7109,5e41b451-fe90-44ba-88a5-36d8c0a8018c
9762c345f28bf50aa51e6fb189656d84,5e41b451-fe90-44ba-88a5-36d8c0a8018c
6b88e7cf45b69d282b38609739b3ef51,5e41b451-fe90-44ba-88a5-36d8c0a8018c
7fc7ab8db0ae403117d8d0608b5f7c7d,5e41b451-fe90-44ba-88a5-36d8c0a8018c
81d2349e4a5dc33f26acbeb5f55191d4,5e41b451-fe90-44ba-88a5-36d8c0a8018c
9ba6e4b330f27ae3aae3ffc34661fc77,5e41b451-fe90-44ba-88a5-36d8c0a8018c
b78b6d5591d5e70c6f4dcf1173d9838e,5e41b451-fe90-44ba-88a5-36d8c0a8018c
47f7237c0261e5a25727934c1bc82114,5e41b451-fe90-44ba-88a5-36d8c0a8018c
950bbde47415e7ab75e352bca3c3120e,5e41b414-2284-4402-863d-13ddc0a8018c
1a96390060f195da8ca72033f62358c9,5e41b414-2284-4402-863d-13ddc0a8018c
730e876b064ba3ab3d81055f68166545,5e41b414-2284-4402-863d-13ddc0a8018c
822716a814d93cb3087b9640bdfe07d7,5e41b414-2284-4402-863d-13ddc0a8018c
f98f9fdab5c7936e197dd19d3f6b538a,5e41b414-2284-4402-863d-13ddc0a8018c
8b5e8ddf2102e6f8b5f05cc82b02f34a,5e41b414-2284-4402-863d-13ddc0a8018c
81d2349e4a5dc33f26acbeb5f55191d4,5e41b414-2284-4402-863d-13ddc0a8018c
af5275ca83895ae3006d6900d18523a6,5e41b414-2284-4402-863d-13ddc0a8018c
1b1492cbfa8d4d7b8777f57d23a99680,5e41b414-2284-4402-863d-13ddc0a8018c
9dafeb356546fea1eef5d674ff1e47b8,5e41b414-2284-4402-863d-13ddc0a8018c
a3e676ab4fe23185385928de4e53a510,5e41b3d9-9d1c-4e06-aa8d-4dcac0a8018c
722a38d258b2c72ad6ac3250140f7116,5e41b3d9-9d1c-4e06-aa8d-4dcac0a8018c
8626cbbc133ac2402219ce50f9d9da29,5e41b3d9-9d1c-4e06-aa8d-4dcac0a8018c
b659a166e48ec148d9dd3cce503e093b,5e41b3d9-9d1c-4e06-aa8d-4dcac0a8018c
f87e0dd74eeefe7833b072c52e1810a7,5e41b3d9-9d1c-4e06-aa8d-4dcac0a8018c
7f433d88efa7da23198c683981b8b8ce,5e41b3d9-9d1c-4e06-aa8d-4dcac0a8018c
81d2349e4a5dc33f26acbeb5f55191d4,5e41b3d9-9d1c-4e06-aa8d-4dcac0a8018c
6b5b05c0973b88c1c8170bdc33e5f426,5e41b3d9-9d1c-4e06-aa8d-4dcac0a8018c
022409b54f5c37998507f5e82a86e819,5e41b3d9-9d1c-4e06-aa8d-4dcac0a8018c
6d284cd29b8254bc42cae467e9197649,5e41b3d9-9d1c-4e06-aa8d-4dcac0a8018c
4a5867085e4fd30ff97e54a482a00552,5e41b39d-e3a0-47d9-99ee-45d9c0a8018c
4e98d35617aed0e645d24976e4fa5697,5e41b39d-e3a0-47d9-99ee-45d9c0a8018c
67c8901092ed160e2565682aa4054f66,5e41b39d-e3a0-47d9-99ee-45d9c0a8018c
f5b8c960bcb326710d222ad0b9232a9d,5e41b39d-e3a0-47d9-99ee-45d9c0a8018c
f98f9fdab5c7936e197dd19d3f6b538a,5e41b39d-e3a0-47d9-99ee-45d9c0a8018c
0c082456f2d52d1ba4cc41f82f44706c,5e41b39d-e3a0-47d9-99ee-45d9c0a8018c
81d2349e4a5dc33f26acbeb5f55191d4,5e41b39d-e3a0-47d9-99ee-45d9c0a8018c
3f273f1e58efe2683f1d4a04cbcb21a2,5e41b39d-e3a0-47d9-99ee-45d9c0a8018c
a631150cc2a1ef599aea44a1e7734c59,5e41b39d-e3a0-47d9-99ee-45d9c0a8018c
902780f3e8608c998714fb66bf121246,5e41b39d-e3a0-47d9-99ee-45d9c0a8018c
6d2ea3ac6770db5f7b76531ed79f61c2,5e41b361-c0e4-4942-b6f0-5891c0a8018c
85ea1b9e4e08077462946344b823f769,5e41b361-c0e4-4942-b6f0-5891c0a8018c
983cd036da35600d5f73cb473af068a6,5e41b361-c0e4-4942-b6f0-5891c0a8018c
07fea16dffebdc82056d228e7c180d17,5e41b361-c0e4-4942-b6f0-5891c0a8018c
f87e0dd74eeefe7833b072c52e1810a7,5e41b361-c0e4-4942-b6f0-5891c0a8018c
04bd2f4c310f1116ef998370e1a96acc,5e41b361-c0e4-4942-b6f0-5891c0a8018c
81d2349e4a5dc33f26acbeb5f55191d4,5e41b361-c0e4-4942-b6f0-5891c0a8018c
db989bb32fd52cef1374b0c540ff9679,5e41b361-c0e4-4942-b6f0-5891c0a8018c
6d267b16b69000b82e4a33f79a860714,5e41b361-c0e4-4942-b6f0-5891c0a8018c
47f7237c0261e5a25727934c1bc82114,5e41b361-c0e4-4942-b6f0-5891c0a8018c
2fd5722e608fd5db35a468bccc3a6f55,5e41b325-3280-41fb-98b0-5ed8c0a8018c
f19d62293894edd90c9b82bf04d3e7af,5e41b325-3280-41fb-98b0-5ed8c0a8018c
030884682d8916cf5ac8e83e0b81234c,5e41b325-3280-41fb-98b0-5ed8c0a8018c
b729b97fdf4c611a3ef9608091332eaa,5e41b325-3280-41fb-98b0-5ed8c0a8018c
989d265dbff0d5c69f2543d5e08939b5,5e41b325-3280-41fb-98b0-5ed8c0a8018c
64e0eceab20699229e98f8898307aa94,5e41b325-3280-41fb-98b0-5ed8c0a8018c
1a100f5dce5583ccec161d0703f0d4d0,5e41b325-3280-41fb-98b0-5ed8c0a8018c
ab637692b3409be9ea9ceeed40b1beb5,5e41b325-3280-41fb-98b0-5ed8c0a8018c
916e75713654a615fab95e23ff1cea01,5e41b325-3280-41fb-98b0-5ed8c0a8018c
b1b8930bb57a690307fceceb2e9cfcf4,5e41b325-3280-41fb-98b0-5ed8c0a8018c
cadb439a3ea971598c8f15252b816d21,5e41b325-3280-41fb-98b0-5ed8c0a8018c
0780dd1feb24daed2b264a1b4fb5a5f3,5e41b325-3280-41fb-98b0-5ed8c0a8018c
14ea12a8d4c1ce8ae45564cddc241e95,5e41b325-3280-41fb-98b0-5ed8c0a8018c
e0b69891a4656f638504ae30d0af423a,5e41b325-3280-41fb-98b0-5ed8c0a8018c
c3389ed2367e63c78761d4611e720ca8,5e41b325-3280-41fb-98b0-5ed8c0a8018c
dc5cfe75e36ca6db2556d59b21cd719f,5e41b325-3280-41fb-98b0-5ed8c0a8018c
b14bcfa8c3d7192f6ce1f716aa20a0d4,5e41b325-3280-41fb-98b0-5ed8c0a8018c
7875e73671a134944cd68e262e6a903c,5e41b325-3280-41fb-98b0-5ed8c0a8018c
f7efa4f864ae9b88d43527f4b14f750f,5e41b325-3280-41fb-98b0-5ed8c0a8018c
a9fadd89e09824f7ccf7c0186925cc4f,5e41b325-3280-41fb-98b0-5ed8c0a8018c
b7b66a0518e9817c8c25a6c9c4c98ecb,5e41b325-3280-41fb-98b0-5ed8c0a8018c
d590e2cbdb4dbeed8ba96e2bc89c3313,5e41b325-3280-41fb-98b0-5ed8c0a8018c
5cca8b0746f6576b7ac6e71af6d728c0,5e41b325-3280-41fb-98b0-5ed8c0a8018c
a60b8c7817c8aed5d09e40bc632c1f44,5e41b325-3280-41fb-98b0-5ed8c0a8018c
ae361b05ce614b3904cc4c0af126607b,5e41b325-3280-41fb-98b0-5ed8c0a8018c
ea249377ec1a7f12edafc38972a33c12,5e41b325-3280-41fb-98b0-5ed8c0a8018c
c3389ed2367e63c78761d4611e720ca8,5e41b325-3280-41fb-98b0-5ed8c0a8018c
ad7b66aa3274329b604099512b4fa7a8,5e41b325-3280-41fb-98b0-5ed8c0a8018c
1cfecdd5c4f591f3509348647a8d97c2,5e41b325-3280-41fb-98b0-5ed8c0a8018c
4eeeee06d3b8acaa5e9251fc05aaf20c,5e41b325-3280-41fb-98b0-5ed8c0a8018c
f7efa4f864ae9b88d43527f4b14f750f,5e41b325-3280-41fb-98b0-5ed8c0a8018c
4661973524021b472374cf2650ba1947,5e41b325-3280-41fb-98b0-5ed8c0a8018c
1f9f10738f26f33b75db6ce7b7350c55,5e41b325-3280-41fb-98b0-5ed8c0a8018c
30748a651351e02c58fd2d9e2f1e159d,5e41b325-3280-41fb-98b0-5ed8c0a8018c
1152c74e87a339e80d89460075fe6e21,5e41b325-3280-41fb-98b0-5ed8c0a8018c
c4fbea9921b50b5d750bffa2dabe5245,5e41b325-3280-41fb-98b0-5ed8c0a8018c
f7efa4f864ae9b88d43527f4b14f750f,5e41b325-3280-41fb-98b0-5ed8c0a8018c
59eb431c1b4eab57ff962a8180cd02f3,5e41b325-3280-41fb-98b0-5ed8c0a8018c
94fe2c556418c45a56484dcd51c33eb1,5e41b325-3280-41fb-98b0-5ed8c0a8018c
422d90a57b87cd734a0bb47b19b88336,5e41b325-3280-41fb-98b0-5ed8c0a8018c
63c0f11ee72600ded8c5c2ef1585d932,5e41b325-3280-41fb-98b0-5ed8c0a8018c
89297f010f022f449f3e4faca7680884,5e41b325-3280-41fb-98b0-5ed8c0a8018c
f7efa4f864ae9b88d43527f4b14f750f,5e41b325-3280-41fb-98b0-5ed8c0a8018c
6c8967cd59029d7acb3ea02deb1ad767,5e41b325-3280-41fb-98b0-5ed8c0a8018c
424f3f238741f1bf4cb08134b6bf7d9a,5e41b325-3280-41fb-98b0-5ed8c0a8018c
a7ceab253f4f4a0f82a1915ca05c7611,5e41b325-3280-41fb-98b0-5ed8c0a8018c
ddf677e1760c7f311387a11d2951330a,5e41b325-3280-41fb-98b0-5ed8c0a8018c
0a075313277c58cfe1b317a1178e96d7,5e41ab6a-802c-48ff-883e-43b2c0a8018c
ac7134836f9b2997a4818b8f30f4f765,5e41ab6a-802c-48ff-883e-43b2c0a8018c
b65e10ebb82aa32aded5c6b4acbdbae9,5e41ab6a-802c-48ff-883e-43b2c0a8018c
9dc66f8ae013e351f19733ad9936f9f2,5e41ab6a-802c-48ff-883e-43b2c0a8018c
99d4d45cbb259c1d7287edaeb20cdc6f,5e41ab6a-802c-48ff-883e-43b2c0a8018c
b7a9de18f151900a768d470ed76d0745,5e41ab6a-802c-48ff-883e-43b2c0a8018c
db85ddcb25996212a6035e2aba5a5774,5e41ab6a-802c-48ff-883e-43b2c0a8018c
7d6b827879f9f5e811aeb9071a048e70,5e41ab6a-802c-48ff-883e-43b2c0a8018c
0a4273da7499479fa201427c8f6b4a61,5e41ab6a-802c-48ff-883e-43b2c0a8018c
abbe1538207d3dc6e7526bd93f075d0b,5e41ab6a-802c-48ff-883e-43b2c0a8018c
80a53c1d805ba52111a7bf57392dca0e,5e41ab2e-f148-425d-900d-4aadc0a8018c
b5cb632edb38f2d79f94c62df1dfcb79,5e41ab2e-f148-425d-900d-4aadc0a8018c
3d546230779149f44f60a3b785a197be,5e41ab2e-f148-425d-900d-4aadc0a8018c
de686e25c11f542c3dd60520dedc4d59,5e41ab2e-f148-425d-900d-4aadc0a8018c
ee5ef9095758d7bbc6ef41e1b1ab3229,5e41ab2e-f148-425d-900d-4aadc0a8018c
c061f92734e4de07a26d283f984da223,5e41ab2e-f148-425d-900d-4aadc0a8018c
db85ddcb25996212a6035e2aba5a5774,5e41ab2e-f148-425d-900d-4aadc0a8018c
7a2018a28e7d016942ad131d05410e21,5e41ab2e-f148-425d-900d-4aadc0a8018c
372da19a078af2702f90a7838621595c,5e41ab2e-f148-425d-900d-4aadc0a8018c
717b5777099df4bbec68f7ed7c11a6fe,5e41ab2e-f148-425d-900d-4aadc0a8018c
55b6796fd447f637aa0b18f48c215490,5e41aaf2-af2c-4528-9d54-5743c0a8018c
6157ba8452c6b758fe787a64309c0a29,5e41aaf2-af2c-4528-9d54-5743c0a8018c
70a73295dd56e610af36a3e06ae78b18,5e41aaf2-af2c-4528-9d54-5743c0a8018c
938cc212cd931d08631676e7bba2010b,5e41aaf2-af2c-4528-9d54-5743c0a8018c
d722a02ba8a45d3e703a75d2074717a7,5e41aaf2-af2c-4528-9d54-5743c0a8018c
4e2e788930021af487b2b330db4fe0a6,5e41aaf2-af2c-4528-9d54-5743c0a8018c
db85ddcb25996212a6035e2aba5a5774,5e41aaf2-af2c-4528-9d54-5743c0a8018c
9f4f6370262bfb47cfc37c7d586893a6,5e41aaf2-af2c-4528-9d54-5743c0a8018c
f79ec4e6507acd3bda92ab0563eefda7,5e41aaf2-af2c-4528-9d54-5743c0a8018c
f9bc3d2d53a54c9e49d00fd2142d79e5,5e41aaf2-af2c-4528-9d54-5743c0a8018c
8234c2c2262c23df7177b9a09baf4a61,5e41aab6-8a44-42dd-88cf-31bac0a8018c
d0557b2310ead4e9597287859f09e572,5e41aab6-8a44-42dd-88cf-31bac0a8018c
c1ff801124a25d1b271ebe2eba9b3b17,5e41aab6-8a44-42dd-88cf-31bac0a8018c
d5a2c3f6e3440385f84eced9e68e6712,5e41aab6-8a44-42dd-88cf-31bac0a8018c
a5044a4159d9fa7e287b2c8004bdd185,5e41aab6-8a44-42dd-88cf-31bac0a8018c
08b91ec10c49f5011bd34a05af85be00,5e41aab6-8a44-42dd-88cf-31bac0a8018c
db85ddcb25996212a6035e2aba5a5774,5e41aab6-8a44-42dd-88cf-31bac0a8018c
4a74910d7c6d01995d6bf4e989c98a75,5e41aab6-8a44-42dd-88cf-31bac0a8018c
6e29bd71910d4c8ddd73e200d771dc33,5e41aab6-8a44-42dd-88cf-31bac0a8018c
d2222ea51b1c6e4cd0cbf870b5be00eb,5e41aab6-8a44-42dd-88cf-31bac0a8018c
81eb6cba41553b7d17cdc4060c60c38d,5e41aa7a-d3d0-4ffc-8e9d-45d9c0a8018c
dfd2ad3e1f0e38d82e26f7acc22b97e1,5e41aa7a-d3d0-4ffc-8e9d-45d9c0a8018c
703b28921d414cbfe0b12008fcc5f78d,5e41aa7a-d3d0-4ffc-8e9d-45d9c0a8018c
64fc99fcf89242889b5e92ba93bfb76a,5e41aa7a-d3d0-4ffc-8e9d-45d9c0a8018c
a5044a4159d9fa7e287b2c8004bdd185,5e41aa7a-d3d0-4ffc-8e9d-45d9c0a8018c
3329b128723ac10c5be154191269c1a4,5e41aa7a-d3d0-4ffc-8e9d-45d9c0a8018c
db85ddcb25996212a6035e2aba5a5774,5e41aa7a-d3d0-4ffc-8e9d-45d9c0a8018c
446199d2e06563f9f20a2553ea70a7d6,5e41aa7a-d3d0-4ffc-8e9d-45d9c0a8018c
3a8e8e27acd21d0c9be3a898a00790d8,5e41aa7a-d3d0-4ffc-8e9d-45d9c0a8018c
992f6e017a887476799ec26b61afecbc,5e41aa7a-d3d0-4ffc-8e9d-45d9c0a8018c
d42c45e4f20108eea4f70127fb927013,5e41aa3e-a87c-401c-a772-13ddc0a8018c
779231b85d61e93a4537fbc6836914c5,5e41aa3e-a87c-401c-a772-13ddc0a8018c
2eca96cfdb5853630869b4adfd3edf73,5e41aa3e-a87c-401c-a772-13ddc0a8018c
7daabc4a0360099a66df5a7a8ce13636,5e41aa3e-a87c-401c-a772-13ddc0a8018c
88f492f8767923d69e0a07b144173bb4,5e41aa3e-a87c-401c-a772-13ddc0a8018c
1dac94b30247a62a3fde3e0084b4d765,5e41aa3e-a87c-401c-a772-13ddc0a8018c
db85ddcb25996212a6035e2aba5a5774,5e41aa3e-a87c-401c-a772-13ddc0a8018c
8b6cdb90f0547a37c7089f0df73275cf,5e41aa3e-a87c-401c-a772-13ddc0a8018c
e85bf24db6760fa53b5f64b46be53d5a,5e41aa3e-a87c-401c-a772-13ddc0a8018c
657094d8f11c898c55f57905c5240cfc,5e41aa3e-a87c-401c-a772-13ddc0a8018c
128fc6d54ebfa986dd1c8329ac0f0a0e,5e41aa02-e558-49e4-94f9-03bcc0a8018c
0054858716f063a3d22ca721576fd284,5e41aa02-e558-49e4-94f9-03bcc0a8018c
5e13fd2c2a3a7f8812c9de1da3b2022f,5e41aa02-e558-49e4-94f9-03bcc0a8018c
c4b7686a6b37ac50aa26999f78739d44,5e41aa02-e558-49e4-94f9-03bcc0a8018c
f98f9fdab5c7936e197dd19d3f6b538a,5e41aa02-e558-49e4-94f9-03bcc0a8018c
968edc3bdb969e2ee2c23899bbe2b380,5e41aa02-e558-49e4-94f9-03bcc0a8018c
db85ddcb25996212a6035e2aba5a5774,5e41aa02-e558-49e4-94f9-03bcc0a8018c
2663650581ce33e6a6972d59cca1f99f,5e41aa02-e558-49e4-94f9-03bcc0a8018c
9389fffd90abd2b6ad3c5773db352ef0,5e41aa02-e558-49e4-94f9-03bcc0a8018c
d2a64f0977f0f7c1cbc747e09c18ae64,5e41aa02-e558-49e4-94f9-03bcc0a8018c
274acc6664903af088fb11b3e25dbe02,5e41a9c6-bf40-401d-8688-5743c0a8018c
fba72402cb51419bcded81429a4120b0,5e41a9c6-bf40-401d-8688-5743c0a8018c
9aed535e3bf2c103b3fcedc2771d3e19,5e41a9c6-bf40-401d-8688-5743c0a8018c
0714a7b23666cd0c4d8d8903a7e6dae2,5e41a9c6-bf40-401d-8688-5743c0a8018c
f87e0dd74eeefe7833b072c52e1810a7,5e41a9c6-bf40-401d-8688-5743c0a8018c
c7fdaa209310851da747e8cc203e9701,5e41a9c6-bf40-401d-8688-5743c0a8018c
202bcf0e9cdbb2b509bcb465ec18ac3a,5e41a9c6-bf40-401d-8688-5743c0a8018c
4598631c5d2d9ea124d0a2c49fa70783,5e41a9c6-bf40-401d-8688-5743c0a8018c
6c8581330081d8d1fe66812652fb0641,5e41a9c6-bf40-401d-8688-5743c0a8018c
89d0fe54e8802f8308dfd060226a1c6c,5e41a9c6-bf40-401d-8688-5743c0a8018c
346f3ac7de26f9061dcd235d373fb55c,5e41a98a-d948-44c1-87ce-1e1cc0a8018c
2d420516a09ff8550ce9d7478fabc6ca,5e41a98a-d948-44c1-87ce-1e1cc0a8018c
4e555333cf99974ae363b087ea8ec5d0,5e41a98a-d948-44c1-87ce-1e1cc0a8018c
1d1e074352b9803ba770715a10b89f59,5e41a98a-d948-44c1-87ce-1e1cc0a8018c
f87e0dd74eeefe7833b072c52e1810a7,5e41a98a-d948-44c1-87ce-1e1cc0a8018c
79cbd72cf92f0c0c111ddb966ac78471,5e41a98a-d948-44c1-87ce-1e1cc0a8018c
202bcf0e9cdbb2b509bcb465ec18ac3a,5e41a98a-d948-44c1-87ce-1e1cc0a8018c
f9b55f831c604d12f07448cfaa002446,5e41a98a-d948-44c1-87ce-1e1cc0a8018c
4148026698dbb477c734c47c42ce1944,5e41a98a-d948-44c1-87ce-1e1cc0a8018c
cbfbf8d787ec95da7dbf218c2b13dc76,5e41a98a-d948-44c1-87ce-1e1cc0a8018c
6e61b8a17f2e4029ba3d955ed2154610,5e41a94e-6afc-4a89-a847-13dcc0a8018c
1ae525fa8ae112226cd2e624e12e0708,5e41a94e-6afc-4a89-a847-13dcc0a8018c
a447722bcb90106d5c3e4665edfe9913,5e41a94e-6afc-4a89-a847-13dcc0a8018c
df15d594de97153550a48627a9b9412c,5e41a94e-6afc-4a89-a847-13dcc0a8018c
6b88e7cf45b69d282b38609739b3ef51,5e41a94e-6afc-4a89-a847-13dcc0a8018c
850ad29685e69f84a0bdbe965b034a23,5e41a94e-6afc-4a89-a847-13dcc0a8018c
202bcf0e9cdbb2b509bcb465ec18ac3a,5e41a94e-6afc-4a89-a847-13dcc0a8018c
06bbaf0c953796877a8578520018b093,5e41a94e-6afc-4a89-a847-13dcc0a8018c
bb54d32a1cb7e55484b518c8a8b0e866,5e41a94e-6afc-4a89-a847-13dcc0a8018c
af6f26378dfae8d5e6376e507e0defd1,5e41a94e-6afc-4a89-a847-13dcc0a8018c
68272f3c2e8cd3605a7db762026443f4,5e41a912-b294-4d04-8e28-765ac0a8018c
70584f9a0381b611a0e6f24edad7ceed,5e41a912-b294-4d04-8e28-765ac0a8018c
6b8ed0612d685abba2ceaed21673a875,5e41a912-b294-4d04-8e28-765ac0a8018c
a03cdad84617f243842527b26b740aef,5e41a912-b294-4d04-8e28-765ac0a8018c
6b88e7cf45b69d282b38609739b3ef51,5e41a912-b294-4d04-8e28-765ac0a8018c
1ade48483644a984d708c31fe0be2063,5e41a912-b294-4d04-8e28-765ac0a8018c
202bcf0e9cdbb2b509bcb465ec18ac3a,5e41a912-b294-4d04-8e28-765ac0a8018c
6a1e47d38adafed6dc1a6c8cfec9ff9e,5e41a912-b294-4d04-8e28-765ac0a8018c
bd16120958653c105ff5a0e9997e126d,5e41a912-b294-4d04-8e28-765ac0a8018c
89d0fe54e8802f8308dfd060226a1c6c,5e41a912-b294-4d04-8e28-765ac0a8018c
1803a05d69f6fa13bcac515b39bccdce,5e41a8d7-62b8-4e7a-80a8-19fac0a8018c
4865ed3a6ca7c94ffcee65c423abeaef,5e41a8d7-62b8-4e7a-80a8-19fac0a8018c
19cbceeb0260565e27f6f8f2ef506dfe,5e41a8d7-62b8-4e7a-80a8-19fac0a8018c
c0694de72559475ea147ed658d5d273f,5e41a8d7-62b8-4e7a-80a8-19fac0a8018c
e47d790e3ddcc72181c1fd68ce424bef,5e41a8d7-62b8-4e7a-80a8-19fac0a8018c
855fd31ac1eeaff4a6521a6149c21f5f,5e41a8d7-62b8-4e7a-80a8-19fac0a8018c
202bcf0e9cdbb2b509bcb465ec18ac3a,5e41a8d7-62b8-4e7a-80a8-19fac0a8018c
35aa3fb28d5fb720d58b8a666140ea4d,5e41a8d7-62b8-4e7a-80a8-19fac0a8018c
8b09bd164877a47b8374dee4487869f6,5e41a8d7-62b8-4e7a-80a8-19fac0a8018c
b02d8a68b937fc65d3c55d3539be3246,5e41a8d7-62b8-4e7a-80a8-19fac0a8018c
d6f1eb5650b6ec682b0f2ddca8967b76,5e41a89a-8138-400b-a645-5dabc0a8018c
7d5dae1d6b358790967f6719549092dd,5e41a89a-8138-400b-a645-5dabc0a8018c
361597c400a08996351ab59a86ac03ca,5e41a89a-8138-400b-a645-5dabc0a8018c
e64117452ee9a3193893982f3bbcb84f,5e41a89a-8138-400b-a645-5dabc0a8018c
04f2c7070ed7e25ed65441165cbc86ce,5e41a89a-8138-400b-a645-5dabc0a8018c
51bb577584a33bd074258392104f6d0b,5e41a89a-8138-400b-a645-5dabc0a8018c
202bcf0e9cdbb2b509bcb465ec18ac3a,5e41a89a-8138-400b-a645-5dabc0a8018c
758e9623e7ebdf4a400f3eb5d26aafb7,5e41a89a-8138-400b-a645-5dabc0a8018c
c565542f53198234b57cf9f6fcf1aa2e,5e41a89a-8138-400b-a645-5dabc0a8018c
89d0fe54e8802f8308dfd060226a1c6c,5e41a89a-8138-400b-a645-5dabc0a8018c
6bf392abbfa3402e71c0f1b241411c13,5e41a85e-2dec-4e9d-a01c-09e9c0a8018c
ff25680fe1d394290132634f488c31a5,5e41a85e-2dec-4e9d-a01c-09e9c0a8018c
d773f82213529d1b568f32d11213d72b,5e41a85e-2dec-4e9d-a01c-09e9c0a8018c
26cc551328a670035153d2d62dda8171,5e41a85e-2dec-4e9d-a01c-09e9c0a8018c
ce2a1fdc764bc47ef71f4ef0d188a53d,5e41a85e-2dec-4e9d-a01c-09e9c0a8018c
5f8a194198851d5a553ad92bde64eb86,5e41a85e-2dec-4e9d-a01c-09e9c0a8018c
202bcf0e9cdbb2b509bcb465ec18ac3a,5e41a85e-2dec-4e9d-a01c-09e9c0a8018c
e7cfd160cead2791023555a9a3825bc0,5e41a85e-2dec-4e9d-a01c-09e9c0a8018c
227079562b27808e071623eb198755c5,5e41a85e-2dec-4e9d-a01c-09e9c0a8018c
89d0fe54e8802f8308dfd060226a1c6c,5e41a85e-2dec-4e9d-a01c-09e9c0a8018c
2da2044665d90532da438e04f3ef6ae6,5e41a7e7-68d8-40d2-ab2f-3123c0a8018c
00d2acccb73115eededc351f12a035ce,5e41a7e7-68d8-40d2-ab2f-3123c0a8018c
6065d8bb5edf15cf5a74eb9c195dd53b,5e41a7e7-68d8-40d2-ab2f-3123c0a8018c
477326e600ca41cb813807a6bce48a4c,5e41a7e7-68d8-40d2-ab2f-3123c0a8018c
8d777f385d3dfec8815d20f7496026dc,5e41a7e7-68d8-40d2-ab2f-3123c0a8018c
2bbac765cb991d304a7ca02a35db27b3,5e41a7e7-68d8-40d2-ab2f-3123c0a8018c
9319968a58563195391bee271ab4659d,5e41a7e7-68d8-40d2-ab2f-3123c0a8018c
123d5619f10e7d3aa293cc6f68cfc11e,5e41a7e7-68d8-40d2-ab2f-3123c0a8018c
f01256c9ea0963b573211c2dc28a5d09,5e41a7e7-68d8-40d2-ab2f-3123c0a8018c
9daafe33dea8f35914f1cf454cfed06f,5e41a7e7-68d8-40d2-ab2f-3123c0a8018c
5b399e3fa77bd8f965e1b4c4432dce68,5e41a7ab-0cfc-4a36-89e2-385dc0a8018c
3795505ddc1132310d8876664498455d,5e41a7ab-0cfc-4a36-89e2-385dc0a8018c
06c9507c06003494d631ddcbb3bad2fa,5e41a7ab-0cfc-4a36-89e2-385dc0a8018c
003e59d101ba5de541e8f70b6c7e3cfa,5e41a7ab-0cfc-4a36-89e2-385dc0a8018c
cf2f83689c16bcc1046f819cba0cbf2e,5e41a7ab-0cfc-4a36-89e2-385dc0a8018c
88fadc3d7745a9958a1c125be12f0880,5e41a7ab-0cfc-4a36-89e2-385dc0a8018c
b231b3d8d39d02aea80bf37cae4ed0b2,5e41a7ab-0cfc-4a36-89e2-385dc0a8018c
8111c3987ea9eff0a6925576987d4878,5e4196cc-5404-4145-a077-3123c0a8018c
1e9d6d9b54eb5baf2129a9bef4e379d2,5e4196cc-5404-4145-a077-3123c0a8018c
33934dde1e4670464d694f3173a78078,5e4196cc-5404-4145-a077-3123c0a8018c
34829c84cddecf373e2c185019ac7fbf,5e4196cc-5404-4145-a077-3123c0a8018c
07771f48ee5324a73f2af3ec707effbb,5e4196cc-5404-4145-a077-3123c0a8018c
9fa0ccf2bcf0501232251d49e758832e,5e4196cc-5404-4145-a077-3123c0a8018c
3517efbc153594a06e2264c9bfb5c9b2,5e4196cc-5404-4145-a077-3123c0a8018c
0f8ce879bd0bf8bb6ce5b869c2dbc9f9,5e4196cc-5404-4145-a077-3123c0a8018c
916e75713654a615fab95e23ff1cea01,5e4196cc-5404-4145-a077-3123c0a8018c
cdfd2ab7ffe229e350d9ece1ab05889b,5e4196cc-5404-4145-a077-3123c0a8018c
2a84ec135e930e5c80c4d4321024317b,5e4196cc-5404-4145-a077-3123c0a8018c
27a4bea92f027bb3053341e86c333c35,5e4196cc-5404-4145-a077-3123c0a8018c
51fd0ec388ec174026bd45d5f587c9fe,5e4196cc-5404-4145-a077-3123c0a8018c
84c9fd770c303272589c84b3f9de821e,5e4196cc-5404-4145-a077-3123c0a8018c
1f9f10738f26f33b75db6ce7b7350c55,5e4196cc-5404-4145-a077-3123c0a8018c
2f5e8ae1c3439a0331201d6693fc5f2e,5e4196cc-5404-4145-a077-3123c0a8018c
ba373055593402dfb50709c2566da587,5e4196cc-5404-4145-a077-3123c0a8018c
96073bb5c5ec587ad064077249dee3ad,5e4196cc-5404-4145-a077-3123c0a8018c
051928341be67dcba03f0e04104d9047,5e4196cc-5404-4145-a077-3123c0a8018c
2a2fec3f9d984cb3fed055c19681545d,5e4196cc-5404-4145-a077-3123c0a8018c
94fe2c556418c45a56484dcd51c33eb1,5e4196cc-5404-4145-a077-3123c0a8018c
ea96bd40b807beae8d2bfc0728bcd6bb,5e4196cc-5404-4145-a077-3123c0a8018c
081c3646a50c45ec01daf6bf9dbcb441,5e4196cc-5404-4145-a077-3123c0a8018c
358780a3f55f2695c705f774f81ae062,5e4196cc-5404-4145-a077-3123c0a8018c
10a7cdd970fe135cf4f7bb55c0e3b59f,5e4196cc-5404-4145-a077-3123c0a8018c
1eb19ca844c97aeda3c074db5263d58a,5e4196cc-5404-4145-a077-3123c0a8018c
9d9a84dd4b9d2c8c23ad83450962aaa9,5e4196cc-5404-4145-a077-3123c0a8018c
337d9da71ffbae44bd27044a8a9b6150,5e4196cc-5404-4145-a077-3123c0a8018c
9b38fbca4e4b5ce1ffa8382763207174,5e4196cc-5404-4145-a077-3123c0a8018c
8fc8ffaa83daa8dbc703436e837719b9,5e417f23-c2b4-4c0c-adbe-5f85c0a8018c
4e316f1872983b95a93105f9e7906c01,5e417f23-c2b4-4c0c-adbe-5f85c0a8018c
916bcd5a0567b02ade2995ffd9d2d63c,5e417f23-c2b4-4c0c-adbe-5f85c0a8018c
fd2214d1e478aa718f8afccd86517f2e,5e417f23-c2b4-4c0c-adbe-5f85c0a8018c
a42298df49d902ca53bab1ef7a17de63,5e417f23-c2b4-4c0c-adbe-5f85c0a8018c
aff11aadffbb356b671a5506a4456baa,5e417f23-c2b4-4c0c-adbe-5f85c0a8018c
224da17c6e0cfe93e8f90b20e69134f0,5e417f23-c2b4-4c0c-adbe-5f85c0a8018c
1a37603a07e99cbfff9f76fc7ad7d28d,5e417f23-c2b4-4c0c-adbe-5f85c0a8018c
916e75713654a615fab95e23ff1cea01,5e417f23-c2b4-4c0c-adbe-5f85c0a8018c
673c09b5a9375edea27de2332bd6fa39,5e417f23-c2b4-4c0c-adbe-5f85c0a8018c
cd35009fdd6ab05da15452b1e7bb5fe8,5e417f23-c2b4-4c0c-adbe-5f85c0a8018c
f5f5dd262fa39bbc18e19db454439eaa,5e417f23-c2b4-4c0c-adbe-5f85c0a8018c
d545aec70bf269122a71259e31c26a22,5e417f23-c2b4-4c0c-adbe-5f85c0a8018c
7ce31da9be0b1bd05784b13a6559ed46,5e417f23-c2b4-4c0c-adbe-5f85c0a8018c
b7b66a0518e9817c8c25a6c9c4c98ecb,5e417f23-c2b4-4c0c-adbe-5f85c0a8018c
6fc5307c5bc40a8954a9e1d0d067c2c1,5e417f23-c2b4-4c0c-adbe-5f85c0a8018c
138eec369e4f97fc22bfc41d3bdf52ae,5e417f23-c2b4-4c0c-adbe-5f85c0a8018c
afe1a64ec25455c70438694b24aed85d,5e417f23-c2b4-4c0c-adbe-5f85c0a8018c
f7efa4f864ae9b88d43527f4b14f750f,5e417f23-c2b4-4c0c-adbe-5f85c0a8018c
30565a8911a6bb487e3745c0ea3c8224,5e417f23-c2b4-4c0c-adbe-5f85c0a8018c
1f9f10738f26f33b75db6ce7b7350c55,5e417f23-c2b4-4c0c-adbe-5f85c0a8018c
34223a0ebcfa694846e7d3a93702f231,5e417f23-c2b4-4c0c-adbe-5f85c0a8018c
36e59416f3b95505a74c4d2deb4724f6,5e417f23-c2b4-4c0c-adbe-5f85c0a8018c
1c3b65016acbeeb761484a3e93344e0a,5e417f23-c2b4-4c0c-adbe-5f85c0a8018c
f7efa4f864ae9b88d43527f4b14f750f,5e417f23-c2b4-4c0c-adbe-5f85c0a8018c
b2aa48c16faa57aad660c56696796abc,5e417f23-c2b4-4c0c-adbe-5f85c0a8018c
795e4c873a0043d17382d032d24e7944,5e417f23-c2b4-4c0c-adbe-5f85c0a8018c
daba5ddec356862f34e155219ff0af50,5e417f23-c2b4-4c0c-adbe-5f85c0a8018c
f6a6f40dc1305bfd59e09f882adf41cd,5e417f23-c2b4-4c0c-adbe-5f85c0a8018c
056cb777087cbac3e134e220b107d9ba,5e417ee7-2bf8-4884-8980-3123c0a8018c
56e66a92a5b57fc2dac7566ec0699bab,5e417ee7-2bf8-4884-8980-3123c0a8018c
be7c6e80a59cdc88ea94a8efd8713cf7,5e417ee7-2bf8-4884-8980-3123c0a8018c
29f37e033ac1624ad728cb549f2e93b4,5e417ee7-2bf8-4884-8980-3123c0a8018c
a42298df49d902ca53bab1ef7a17de63,5e417ee7-2bf8-4884-8980-3123c0a8018c
8afe1daba17b57dce3794e61aa6da52e,5e417ee7-2bf8-4884-8980-3123c0a8018c
e2e1946672018107720997887db172de,5e417ee7-2bf8-4884-8980-3123c0a8018c
816c9dcc05d2443f49a7409bc249d455,5e417ee7-2bf8-4884-8980-3123c0a8018c
916e75713654a615fab95e23ff1cea01,5e417ee7-2bf8-4884-8980-3123c0a8018c
84076a348798d0fe5f0b86a023ae6a99,5e417ee7-2bf8-4884-8980-3123c0a8018c
06df59c4268aa6400228b361d6ea4332,5e417ee7-2bf8-4884-8980-3123c0a8018c
9bb052a345c3018f88a7c3aa433b3850,5e417ee7-2bf8-4884-8980-3123c0a8018c
a136b041dea2aa81140d7d02690cb0cd,5e417ee7-2bf8-4884-8980-3123c0a8018c
1c8a2d4fad28bbb2e439d45202b995e1,5e417ee7-2bf8-4884-8980-3123c0a8018c
b7b66a0518e9817c8c25a6c9c4c98ecb,5e417ee7-2bf8-4884-8980-3123c0a8018c
cd9827c26e2d642fca55d94ad553f047,5e417ee7-2bf8-4884-8980-3123c0a8018c
0f0ccf1b66e241bafcc9bdab2046a422,5e417ee7-2bf8-4884-8980-3123c0a8018c
750bddbdc7b0add88c170111aa1c1d9d,5e417ee7-2bf8-4884-8980-3123c0a8018c
85e43237b3fb87d881c757f44f1b0357,5e417ee7-2bf8-4884-8980-3123c0a8018c
c393f1c2ffc8892135ab1b4630714412,5e417ee7-2bf8-4884-8980-3123c0a8018c
ceba8e9b33a3ea17ce85343ab965e448,5e417ee7-2bf8-4884-8980-3123c0a8018c
c2bff95c07c8fe649a0cb1fbf5cd7e69,5e417ee7-2bf8-4884-8980-3123c0a8018c
2c0afc02dc9ee02c1bc70517415d29b2,5e417ee7-2bf8-4884-8980-3123c0a8018c
1b04cdec10a7e692e83e9a2a5edcc7db,5e417ee7-2bf8-4884-8980-3123c0a8018c
8eddb3797212cedc470043e1d3686176,5e417ee7-2bf8-4884-8980-3123c0a8018c
30565a8911a6bb487e3745c0ea3c8224,5e417ee7-2bf8-4884-8980-3123c0a8018c
1f9f10738f26f33b75db6ce7b7350c55,5e417ee7-2bf8-4884-8980-3123c0a8018c
ba64342536e68b5da6750af7161cf9a4,5e417ee7-2bf8-4884-8980-3123c0a8018c
46363be1347b91a641b1a64345327d71,5e417ee7-2bf8-4884-8980-3123c0a8018c
28931fe1d3c573ec3806d48c493350c0,5e417ee7-2bf8-4884-8980-3123c0a8018c
319e33a217f7368ff7ceef7731ccf024,5e417ee7-2bf8-4884-8980-3123c0a8018c
cffdffdb3799168540d7cbd070e42965,5e417ee7-2bf8-4884-8980-3123c0a8018c
94fe2c556418c45a56484dcd51c33eb1,5e417ee7-2bf8-4884-8980-3123c0a8018c
e8e646cb776aa05e9c47dacd653b4916,5e417ee7-2bf8-4884-8980-3123c0a8018c
339e745237ec7b224b22edf567dbc1a1,5e417ee7-2bf8-4884-8980-3123c0a8018c
177f5e6e0bab05ad319b772e7a1a22d9,5e417ee7-2bf8-4884-8980-3123c0a8018c
eb0ecdb070a1a0ac46de0cd733d39cf3,5e417ee7-2bf8-4884-8980-3123c0a8018c
aace8f93cfb79923bb1c0dd0aedc3642,5e417ee7-2bf8-4884-8980-3123c0a8018c
1719f3caacb7ed598316ddda2ea2f786,5e417ee7-2bf8-4884-8980-3123c0a8018c
f5b6a775e61e16e4872699f17a25b2ca,5e417ee7-2bf8-4884-8980-3123c0a8018c
8b017bfc34efaac2333064631669bbc3,5e417ee7-2bf8-4884-8980-3123c0a8018c
7299745ca0e9b836ad3a5571726f8728,5e417eac-4e38-4be1-a1e5-7329c0a8018c
b80ee62cc59499a0a51cbdc1d960e636,5e417eac-4e38-4be1-a1e5-7329c0a8018c
4f24a0971d7d62f9e432d3dc70142b33,5e417eac-4e38-4be1-a1e5-7329c0a8018c
1a98ff566048d46751a04cc6a0ea5814,5e417eac-4e38-4be1-a1e5-7329c0a8018c
07771f48ee5324a73f2af3ec707effbb,5e417eac-4e38-4be1-a1e5-7329c0a8018c
9fa0ccf2bcf0501232251d49e758832e,5e417eac-4e38-4be1-a1e5-7329c0a8018c
cfab21ed61ef0cf19508956967a970d2,5e417eac-4e38-4be1-a1e5-7329c0a8018c
4a3c11ddbb223e95f8b567ec2c5624f5,5e417eac-4e38-4be1-a1e5-7329c0a8018c
916e75713654a615fab95e23ff1cea01,5e417eac-4e38-4be1-a1e5-7329c0a8018c
29af3c0a899bd4d6832f92534d66c9b3,5e417eac-4e38-4be1-a1e5-7329c0a8018c
47fcd30d55237eba91b6092169579d26,5e417eac-4e38-4be1-a1e5-7329c0a8018c
780dd3493b68b67b7c8129cc900765b3,5e417eac-4e38-4be1-a1e5-7329c0a8018c
88ee4f7e0f6c5eafd8bb8cf2760c17c8,5e417eac-4e38-4be1-a1e5-7329c0a8018c
5c25710d200c42f97626f6bf4bf3a01d,5e417eac-4e38-4be1-a1e5-7329c0a8018c
1f9f10738f26f33b75db6ce7b7350c55,5e417eac-4e38-4be1-a1e5-7329c0a8018c
cc8f89fd375daeeb7742389080f27ae5,5e417eac-4e38-4be1-a1e5-7329c0a8018c
11927f44ca60373f7cdc9a675eb921d1,5e417eac-4e38-4be1-a1e5-7329c0a8018c
699f7c115efce5bc1690b12add1a71b1,5e417eac-4e38-4be1-a1e5-7329c0a8018c
b5a1fc2085986034e448d2ccc5bb9703,5e417eac-4e38-4be1-a1e5-7329c0a8018c
a8b47432022726e45d75486385a3347c,5e417eac-4e38-4be1-a1e5-7329c0a8018c
94fe2c556418c45a56484dcd51c33eb1,5e417eac-4e38-4be1-a1e5-7329c0a8018c
596c4eb986308f3dd6b71701950bb722,5e417eac-4e38-4be1-a1e5-7329c0a8018c
eeee4e1c602a6be7bdd251b65cd2ab8a,5e417eac-4e38-4be1-a1e5-7329c0a8018c
f096bb66b49f9c7910d41ebffd86ce76,5e417eac-4e38-4be1-a1e5-7329c0a8018c
10a7cdd970fe135cf4f7bb55c0e3b59f,5e417eac-4e38-4be1-a1e5-7329c0a8018c
1eb19ca844c97aeda3c074db5263d58a,5e417eac-4e38-4be1-a1e5-7329c0a8018c
2b3e0633a54a09dc04758b6d97031581,5e417eac-4e38-4be1-a1e5-7329c0a8018c
523e7ce260aba3d977fb9c84d126a909,5e417eac-4e38-4be1-a1e5-7329c0a8018c
872e5086373d1595e13fa7e26fd52d32,5e417eac-4e38-4be1-a1e5-7329c0a8018c
2e51d1f45dd1126c9e81b3a293042a82,5e417e6e-221c-4e54-9181-7052c0a8018c
826731da5208a09df432acd968fae1cf,5e417e6e-221c-4e54-9181-7052c0a8018c
9a1a99814236c4d54b3b22631583dca0,5e417e6e-221c-4e54-9181-7052c0a8018c
9796a237962a6f7185c7a5f575709327,5e417e6e-221c-4e54-9181-7052c0a8018c
